{
    "loss": 0.01467864029109478,
    "psnr": 33.767494201660156,
    "ssim": 0.9639915227890015
}
