{
    "loss": [
        0.10573536157608032,
        0.08471999317407608,
        0.07944253832101822,
        0.07657061517238617,
        0.07451796531677246,
        0.07342883199453354,
        0.07181894779205322,
        0.07080715894699097,
        0.06996726989746094,
        0.06902413070201874,
        0.06827174872159958,
        0.06741098314523697,
        0.06678692996501923,
        0.06622076034545898,
        0.06603989750146866,
        0.0656249150633812,
        0.0651441439986229,
        0.06476839631795883,
        0.06443323194980621,
        0.06441745162010193,
        0.06421510875225067,
        0.06407514214515686,
        0.06377696245908737,
        0.06362737715244293,
        0.06334194540977478,
        0.06391681730747223,
        0.06309659779071808,
        0.06302586197853088,
        0.06302328407764435,
        0.06276755779981613,
        0.06268124282360077,
        0.06311190873384476,
        0.06264467537403107,
        0.06099719926714897,
        0.06090621277689934,
        0.06087183952331543,
        0.06080284342169762,
        0.06086358800530434,
        0.060740020126104355,
        0.06077177822589874,
        0.06072543188929558,
        0.060647230595350266,
        0.06060806289315224,
        0.06056484952569008,
        0.060576360672712326,
        0.06064348295331001,
        0.06056327372789383,
        0.06050524115562439,
        0.0604146346449852,
        0.0604483038187027,
        0.06040643900632858,
        0.06039818748831749,
        0.0603337325155735,
        0.06030645594000816,
        0.06029902398586273,
        0.06041325628757477,
        0.06026212126016617,
        0.0599355585873127,
        0.05990735441446304,
        0.059897277504205704,
        0.05989065393805504,
        0.059874944388866425,
        0.059861499816179276,
        0.05984768643975258,
        0.059832941740751266,
        0.05983699858188629,
        0.059836193919181824,
        0.059814710170030594,
        0.05981126055121422,
        0.05981772020459175,
        0.06005735322833061,
        0.060109276324510574,
        0.0599093995988369,
        0.05984678491950035,
        0.05982038006186485,
        0.05980079993605614,
        0.05978946387767792,
        0.05977833271026611
    ],
    "psnr": [
        17.545907974243164,
        19.057621002197266,
        19.479360580444336,
        19.7006778717041,
        19.895774841308594,
        20.00568389892578,
        20.126728057861328,
        20.22148895263672,
        20.281417846679688,
        20.355976104736328,
        20.43490982055664,
        20.497718811035156,
        20.54228973388672,
        20.59185218811035,
        20.63432502746582,
        20.662919998168945,
        20.711036682128906,
        20.75088119506836,
        20.78086280822754,
        20.792709350585938,
        20.811805725097656,
        20.85041618347168,
        20.892662048339844,
        20.897607803344727,
        20.943456649780273,
        20.884428024291992,
        20.96309471130371,
        20.953378677368164,
        20.94617462158203,
        20.990982055664062,
        21.000307083129883,
        20.95901870727539,
        21.00853729248047,
        21.159595489501953,
        21.17438316345215,
        21.177352905273438,
        21.188549041748047,
        21.16147232055664,
        21.169570922851562,
        21.191600799560547,
        21.208494186401367,
        21.230770111083984,
        21.24270248413086,
        21.247196197509766,
        21.22104835510254,
        21.210906982421875,
        21.209888458251953,
        21.22870445251465,
        21.239356994628906,
        21.25221061706543,
        21.24757957458496,
        21.236536026000977,
        21.236858367919922,
        21.24416160583496,
        21.24226188659668,
        21.227123260498047,
        21.24177360534668,
        21.273656845092773,
        21.278268814086914,
        21.281253814697266,
        21.283838272094727,
        21.281784057617188,
        21.282875061035156,
        21.281497955322266,
        21.284717559814453,
        21.286710739135742,
        21.28691864013672,
        21.28592872619629,
        21.29016876220703,
        21.29530143737793,
        21.259592056274414,
        21.234983444213867,
        21.258493423461914,
        21.268640518188477,
        21.274394989013672,
        21.277963638305664,
        21.27967071533203,
        21.286052703857422
    ],
    "ssim": [
        0.3382333219051361,
        0.42414647340774536,
        0.4347011148929596,
        0.442747563123703,
        0.449283629655838,
        0.4536589980125427,
        0.4604102671146393,
        0.465067982673645,
        0.46812689304351807,
        0.4716208577156067,
        0.4745181202888489,
        0.47798681259155273,
        0.48099344968795776,
        0.48394784331321716,
        0.4853856563568115,
        0.4876441955566406,
        0.49033159017562866,
        0.4926639199256897,
        0.4943574070930481,
        0.4950628876686096,
        0.4962124526500702,
        0.4972781836986542,
        0.4986687898635864,
        0.49970492720603943,
        0.5012310147285461,
        0.4983735978603363,
        0.5026955008506775,
        0.5035970211029053,
        0.5039596557617188,
        0.505240261554718,
        0.5059634447097778,
        0.504423201084137,
        0.5064675807952881,
        0.5113692283630371,
        0.5119861364364624,
        0.5120783448219299,
        0.5124902129173279,
        0.5123957991600037,
        0.5128008723258972,
        0.5129236578941345,
        0.5134732127189636,
        0.5137359499931335,
        0.5139128565788269,
        0.514000415802002,
        0.5139760971069336,
        0.5137749314308167,
        0.5140343904495239,
        0.5144639015197754,
        0.5148075222969055,
        0.5148962140083313,
        0.515082836151123,
        0.5149926543235779,
        0.515228271484375,
        0.5154571533203125,
        0.5155485272407532,
        0.5153012871742249,
        0.51576828956604,
        0.5167792439460754,
        0.5168003439903259,
        0.5169112086296082,
        0.5168656706809998,
        0.5169024467468262,
        0.5169708728790283,
        0.5170280337333679,
        0.5171228647232056,
        0.5170952677726746,
        0.5170977115631104,
        0.5171711444854736,
        0.5172176957130432,
        0.5172392725944519,
        0.5164661407470703,
        0.5159914493560791,
        0.5168812274932861,
        0.517203152179718,
        0.5172674059867859,
        0.5173735022544861,
        0.5173960328102112,
        0.5174305438995361
    ],