{"loss": 0.06352349370718002, "psnr": 21.542612075805664, "ssim": 0.6359665393829346}