{"loss": 0.061296407133340836, "psnr": 20.729970932006836, "ssim": 0.6268749833106995}