{"loss": 0.006465588230639696, "psnr": 23.81575584411621, "ssim": 0.7287927269935608}