{
    "loss": 0.0007340293377637863,
    "psnr": 31.81540870666504,
    "ssim": 0.9510707259178162
}
