{"loss": 0.001573568326421082, "psnr": 28.172643661499023, "ssim": 0.8542994260787964}