{"loss": 0.04674394056200981, "psnr": 22.73109245300293, "ssim": 0.7172887921333313}