{"loss": 0.03667258098721504, "psnr": 26.44894027709961, "ssim": 0.8005282282829285}