{
    "loss": [
        0.06743616610765457,
        0.04719007387757301,
        0.04257166013121605,
        0.040514666587114334,
        0.038885489106178284,
        0.03798358887434006,
        0.037208572030067444,
        0.036468517035245895,
        0.036189399659633636,
        0.035654231905937195,
        0.03645393252372742,
        0.03551848977804184,
        0.03495101258158684,
        0.034331064671278,
        0.033720098435878754,
        0.03319883719086647,
        0.03301970288157463,
        0.03271667659282684,
        0.032505594193935394,
        0.03220481425523758,
        0.03202148154377937,
        0.03218791261315346,
        0.032308030873537064,
        0.03190760314464569,
        0.03189496323466301,
        0.031582191586494446,
        0.03178219869732857,
        0.031453803181648254,
        0.03122355043888092,
        0.031126126646995544,
        0.030965304002165794,
        0.030838338658213615,
        0.030756182968616486,
        0.031118035316467285,
        0.03162527084350586,
        0.05225290358066559,
        0.045220259577035904,
        0.04250171408057213,
        0.04107259586453438,
        0.04004351422190666,
        0.039316173642873764,
        0.03869916871190071,
        0.0382402278482914,
        0.03782700374722481,
        0.04102921858429909,
        0.04716289043426514,
        0.04208359494805336,
        0.04169299826025963,
        0.040981143712997437,
        0.04051246494054794,
        0.040139131247997284,
        0.039806559681892395,
        0.03953590244054794,
        0.03927142545580864,
        0.03917757049202919,
        0.039059657603502274,
        0.0387602336704731,
        0.03854366019368172,
        0.03835299238562584,
        0.03820152208209038,
        0.03803682699799538,
        0.03788768872618675,
        0.037780825048685074,
        0.03762294352054596,
        0.03751852735877037,
        0.03740226477384567,
        0.03729454427957535,
        0.0373605340719223,
        0.0371929332613945,
        0.03705636039376259,
        0.03653440997004509,
        0.036488499492406845,
        0.036453984677791595,
        0.03642739728093147,
        0.03639797121286392,
        0.036377012729644775
    ],
    "psnr": [
        18.61615753173828,
        21.091384887695312,
        21.779991149902344,
        22.08270835876465,
        22.349761962890625,
        22.51112174987793,
        22.644657135009766,
        22.78189468383789,
        22.8295955657959,
        22.929508209228516,
        22.787179946899414,
        22.94225311279297,
        23.068628311157227,
        23.175914764404297,
        23.291154861450195,
        23.384286880493164,
        23.421388626098633,
        23.477062225341797,
        23.518592834472656,
        23.57304573059082,
        23.616069793701172,
        23.579029083251953,
        23.54829216003418,
        23.63442039489746,
        23.64657211303711,
        23.704452514648438,
        23.659595489501953,
        23.732839584350586,
        23.77396011352539,
        23.79901885986328,
        23.827327728271484,
        23.85882568359375,
        23.878543853759766,
        23.798383712768555,
        23.723155975341797,
        20.37898063659668,
        21.269084930419922,
        21.695661544799805,
        21.928401947021484,
        22.100624084472656,
        22.222393035888672,
        22.330245971679688,
        22.408103942871094,
        22.481990814208984,
        22.039657592773438,
        20.98996353149414,
        21.729618072509766,
        21.790475845336914,
        21.90431785583496,
        21.98165512084961,
        22.042091369628906,
        22.097782135009766,
        22.14189910888672,
        22.18810272216797,
        22.20272445678711,
        22.219676971435547,
        22.272478103637695,
        22.310312271118164,
        22.34320640563965,
        22.369020462036133,
        22.39714813232422,
        22.423213958740234,
        22.441396713256836,
        22.468109130859375,
        22.487707138061523,
        22.50727653503418,
        22.525339126586914,
        22.511627197265625,
        22.542402267456055,
        22.566814422607422,
        22.654809951782227,
        22.663806915283203,
        22.6696834564209,
        22.674394607543945,
        22.679946899414062,
        22.683448791503906
    ],
    "ssim": [
        0.542841911315918,
        0.6545233130455017,
        0.6845495700836182,
        0.6979925036430359,
        0.709316074848175,
        0.7160597443580627,
        0.7218718528747559,
        0.7270277142524719,
        0.729269802570343,
        0.732059121131897,
        0.728421151638031,
        0.7334671020507812,
        0.7368784546852112,
        0.7407581806182861,
        0.743966817855835,
        0.7466965913772583,
        0.74847412109375,
        0.7505557537078857,
        0.7522333264350891,
        0.7536203861236572,
        0.7553308606147766,
        0.7545027136802673,
        0.7546809911727905,
        0.7571531534194946,
        0.7576441764831543,
        0.7590460181236267,
        0.7580251693725586,
        0.7603628635406494,
        0.7617065906524658,
        0.7623475790023804,
        0.7635105848312378,
        0.7642112374305725,
        0.7650256156921387,
        0.7637441754341125,
        0.7596234679222107,
        0.6146387457847595,
        0.6514426469802856,
        0.6692056655883789,
        0.6789137721061707,
        0.685722827911377,
        0.6913806796073914,
        0.6959039568901062,
        0.6995980739593506,
        0.702750027179718,
        0.684963047504425,
        0.6329697370529175,
        0.657407820224762,
        0.6599975228309631,
        0.6646316647529602,
        0.6677882075309753,
        0.6704084277153015,
        0.6728714108467102,
        0.6748440265655518,
        0.6766873002052307,
        0.6777509450912476,
        0.6786919236183167,
        0.680670976638794,
        0.6822785139083862,
        0.6836293935775757,
        0.6848548054695129,
        0.6861245632171631,
        0.6872295141220093,
        0.6882523894309998,
        0.6893622279167175,
        0.6903387904167175,
        0.6912024617195129,
        0.6921250224113464,
        0.6922537684440613,
        0.693325936794281,
        0.6943288445472717,
        0.6974924802780151,
        0.6977883577346802,
        0.6979793906211853,
        0.6982119679450989,
        0.6984145045280457,
        0.6986582279205322
    ],