{
    "loss": 0.0009658922208473086,
    "psnr": 30.547630310058594,
    "ssim": 0.9186075925827026
}
