{
  "loss": 0.0014882278628647327,
  "ssim": 0.8795611262321472,
  "psnr": 28.44280242919922
}
