{
  "loss": [
    0.014874151907861233, 0.005080095957964659, 0.004519777372479439,
    0.004269992932677269, 0.004112048540264368, 0.0038242298178374767,
    0.0036278977058827877, 0.003486099885776639, 0.003406569128856063,
    0.003360932692885399, 0.003324080491438508, 0.0032288257498294115,
    0.0032431536819785833, 0.0031423119362443686, 0.003164064371958375,
    0.003214617958292365, 0.003102144692093134, 0.0031780570279806852,
    0.003103130729869008, 0.0030828118324279785, 0.003097113687545061,
    0.003029471030458808, 0.0030477645341306925, 0.0030057223048061132,
    0.0030233138240873814, 0.0030476844403892756, 0.0029678060673177242,
    0.0029908837750554085, 0.003049341728910804, 0.0029022605158388615,
    0.002945738611742854, 0.002926996210590005, 0.002875265432521701,
    0.0028976905159652233, 0.0029580099508166313, 0.002869653981178999,
    0.0029007629491388798, 0.002850429154932499, 0.002969548339024186,
    0.0028530005365610123, 0.0028608650900423527, 0.002859857864677906,
    0.0029060496017336845, 0.0028288650792092085, 0.002735032234340906,
    0.0027308508288115263, 0.002697770716622472, 0.0027476204559206963,
    0.002707582665607333, 0.0027249129489064217, 0.0027207271195948124,
    0.002705875551328063, 0.0027091314550489187, 0.002701716497540474,
    0.0026850495487451553, 0.0026901501696556807, 0.002687947591766715,
    0.0027141529135406017, 0.0027030983474105597, 0.0026872558519244194,
    0.002726484090089798, 0.0026965378783643246, 0.002708256244659424,
    0.002712853951379657, 0.0027091018855571747, 0.00267504109069705,
    0.0026899666991084814, 0.0027162323240190744, 0.002685955725610256,
    0.0026912661269307137, 0.0026940780226141214, 0.0026847664266824722,
    0.00267041870392859, 0.0026506436988711357, 0.002642850624397397,
    0.0026415952015668154, 0.0026383984368294477, 0.0026548842433840036,
    0.002654470270499587, 0.002654986921697855, 0.0026415190659463406,
    0.002670719288289547, 0.0026463742833584547, 0.0026416706386953592,
    0.002630227943882346, 0.002644960070028901, 0.002647486049681902,
    0.0026574728544801474, 0.002651351736858487, 0.0026331746485084295,
    0.0026392873842269182, 0.002655979711562395, 0.0026446001138538122,
    0.002639794023707509, 0.002645905129611492, 0.002636071527376771,
    0.0026608221232891083, 0.002631249139085412, 0.002641068771481514
  ],
  "ssim": [
    0.537717878818512, 0.6897260546684265, 0.7177169919013977,
    0.7313756346702576, 0.7383741140365601, 0.7330698370933533,
    0.7327860593795776, 0.7378116846084595, 0.7416384816169739,
    0.7437363862991333, 0.7454016208648682, 0.747948944568634,
    0.7488505840301514, 0.7504017949104309, 0.7509831190109253,
    0.7507982850074768, 0.7528229355812073, 0.7525944113731384,
    0.7536162734031677, 0.7542399764060974, 0.7546659708023071,
    0.7553893327713013, 0.7560359239578247, 0.7569396495819092,
    0.7570089101791382, 0.7573056221008301, 0.7580496668815613,
    0.7584006190299988, 0.7577658891677856, 0.759255588054657,
    0.759402871131897, 0.7595245242118835, 0.7604289054870605,
    0.7605790495872498, 0.7598838806152344, 0.7610273957252502,
    0.7607865333557129, 0.7614607214927673, 0.7607030272483826,
    0.7615321278572083, 0.7616080641746521, 0.761992871761322,
    0.7617638111114502, 0.7622345089912415, 0.7635369300842285,
    0.7636512517929077, 0.7638224363327026, 0.7636401653289795,
    0.7638968229293823, 0.7637876868247986, 0.7638840079307556,
    0.7640145421028137, 0.7638254761695862, 0.7640219330787659,
    0.7641021609306335, 0.7641133069992065, 0.7638242840766907,
    0.7639122605323792, 0.7640753984451294, 0.7640469670295715,
    0.7641278505325317, 0.7640729546546936, 0.7640756368637085,
    0.7640194296836853, 0.7640366554260254, 0.7641667127609253,
    0.7640748620033264, 0.7642160654067993, 0.7641389966011047,
    0.764389157295227, 0.764329731464386, 0.7642484903335571, 0.764394223690033,
    0.7642349004745483, 0.7643123269081116, 0.764387309551239,
    0.7643591165542603, 0.7641990184783936, 0.7642078995704651,
    0.7641507387161255, 0.7642627358436584, 0.7639503479003906,
    0.7641503810882568, 0.7643593549728394, 0.7644258141517639,
    0.7641687989234924, 0.7641210556030273, 0.7640374898910522,
    0.7641634941101074, 0.7643691897392273, 0.7643153071403503,
    0.7642406821250916, 0.7642418146133423, 0.764255702495575,
    0.7642877697944641, 0.7643760442733765, 0.7640374898910522,
    0.7644262909889221, 0.7641959190368652
  ],
  "psnr": [
    20.547311782836914, 23.3668155670166, 23.881175994873047, 24.14406394958496,
    24.316431045532227, 24.568784713745117, 24.77022361755371,
    24.940881729125977, 25.058700561523438, 25.119062423706055,
    25.165084838867188, 25.291847229003906, 25.278844833374023,
    25.410287857055664, 25.3824462890625, 25.32819175720215, 25.468637466430664,
    25.38226318359375, 25.47049331665039, 25.504819869995117,
    25.485424041748047, 25.57633399963379, 25.5556697845459, 25.619077682495117,
    25.582046508789062, 25.56789779663086, 25.659509658813477, 25.6380615234375,
    25.56008529663086, 25.75461769104004, 25.701412200927734,
    25.721614837646484, 25.801353454589844, 25.768495559692383,
    25.684871673583984, 25.80236053466797, 25.75920295715332, 25.83385467529297,
    25.679601669311523, 25.826629638671875, 25.81569480895996,
    25.824907302856445, 25.75151824951172, 25.86725425720215,
    26.006418228149414, 26.011075973510742, 26.05820083618164,
    25.975990295410156, 26.03923797607422, 26.015880584716797,
    26.02777099609375, 26.048681259155273, 26.04123306274414,
    26.051456451416016, 26.07854461669922, 26.068954467773438,
    26.069978713989258, 26.030563354492188, 26.05099868774414,
    26.074270248413086, 26.01799201965332, 26.0574893951416, 26.043230056762695,
    26.03477668762207, 26.041013717651367, 26.09581756591797,
    26.067964553833008, 26.030296325683594, 26.07826805114746,
    26.06755256652832, 26.066165924072266, 26.07876968383789, 26.10178565979004,
    26.132568359375, 26.14971160888672, 26.1488094329834, 26.15488052368164,
    26.124534606933594, 26.12479019165039, 26.128332138061523,
    26.14838981628418, 26.093904495239258, 26.13813018798828,
    26.149263381958008, 26.169462203979492, 26.139699935913086,
    26.139970779418945, 26.123376846313477, 26.130094528198242,
    26.163103103637695, 26.15134048461914, 26.122407913208008,
    26.141983032226562, 26.152252197265625, 26.13751983642578, 26.1568603515625,
    26.118824005126953, 26.169605255126953, 26.150325775146484
  ],