{
    "loss": [
        0.09871558099985123,
        0.06450507789850235,
        0.056513190269470215,
        0.05102027580142021,
        0.047690119594335556,
        0.04484247788786888,
        0.0444783978164196,
        0.042426884174346924,
        0.04116135463118553,
        0.040028855204582214,
        0.039770450443029404,
        0.03920341283082962,
        0.03826143592596054,
        0.03759559988975525,
        0.037184808403253555,
        0.03675711527466774,
        0.036277104169130325,
        0.03608497604727745,
        0.03600538894534111,
        0.03565482422709465,
        0.03529457375407219,
        0.035238560289144516,
        0.03485290706157684,
        0.03460966795682907,
        0.03449217602610588,
        0.03422066941857338,
        0.03445345163345337,
        0.03441128507256508,
        0.034157853573560715,
        0.03393908590078354,
        0.033970508724451065,
        0.03349212184548378,
        0.033797211945056915,
        0.03355465084314346,
        NaN,
        NaN,
        NaN,
        NaN,
        NaN,
        NaN,
        NaN,
        NaN,
        NaN,
        NaN,
        NaN,
        NaN,
        NaN,
        NaN,
        NaN,
        NaN,
        NaN,
        NaN,
        NaN,
        NaN,
        NaN,
        NaN,
        NaN,
        NaN,
        NaN,
        NaN,
        NaN,
        NaN,
        NaN,
        NaN,
        NaN,
        NaN,
        NaN,
        NaN,
        NaN,
        NaN,
        NaN,
        NaN,
        NaN,
        NaN,
        NaN,
        NaN,
        NaN,
        NaN,
        NaN,
        NaN,
        NaN,
        NaN,
        NaN,
        NaN
    ],
    "psnr": [
        18.126022338867188,
        21.379192352294922,
        22.47060203552246,
        23.260698318481445,
        23.7528133392334,
        24.156997680664062,
        24.196699142456055,
        24.535011291503906,
        24.76251983642578,
        24.93895149230957,
        25.00722885131836,
        25.090471267700195,
        25.26131248474121,
        25.383169174194336,
        25.45927619934082,
        25.536577224731445,
        25.626087188720703,
        25.665008544921875,
        25.6914005279541,
        25.759946823120117,
        25.826828002929688,
        25.84551429748535,
        25.912294387817383,
        25.963672637939453,
        25.992900848388672,
        26.043025970458984,
        26.014326095581055,
        26.019590377807617,
        26.071210861206055,
        26.114953994750977,
        26.114784240722656,
        26.201780319213867,
        26.156694412231445,
        26.19685935974121,
        NaN,
        NaN,
        NaN,
        NaN,
        NaN,
        NaN,
        NaN,
        NaN,
        NaN,
        NaN,
        NaN,
        NaN,
        NaN,
        NaN,
        NaN,
        NaN,
        NaN,
        NaN,
        NaN,
        NaN,
        NaN,
        NaN,
        NaN,
        NaN,
        NaN,
        NaN,
        NaN,
        NaN,
        NaN,
        NaN,
        NaN,
        NaN,
        NaN,
        NaN,
        NaN,
        NaN,
        NaN,
        NaN,
        NaN,
        NaN,
        NaN,
        NaN,
        NaN,
        NaN,
        NaN,
        NaN,
        NaN,
        NaN,
        NaN,
        NaN
    ],
    "ssim": [
        0.5215250849723816,
        0.6524022817611694,
        0.7022249698638916,
        0.7285205721855164,
        0.7438790798187256,
        0.756104588508606,
        0.7561658024787903,
        0.7680444121360779,
        0.77498859167099,
        0.7799650430679321,
        0.7830281257629395,
        0.7857313752174377,
        0.7903430461883545,
        0.7939287424087524,
        0.796760618686676,
        0.7983971834182739,
        0.8014060258865356,
        0.8028795123100281,
        0.8037202954292297,
        0.8046203255653381,
        0.8069761991500854,
        0.8076829314231873,
        0.809027910232544,
        0.8106454610824585,
        0.811286211013794,
        0.8132443428039551,
        0.8126267790794373,
        0.8124739527702332,
        0.8144370317459106,
        0.8153090476989746,
        0.8154157996177673,
        0.8178975582122803,
        0.816910982131958,
        0.8182528018951416,
        NaN,
        NaN,
        NaN,
        NaN,
        NaN,
        NaN,
        NaN,
        NaN,
        NaN,
        NaN,
        NaN,
        NaN,
        NaN,
        NaN,
        NaN,
        NaN,
        NaN,
        NaN,
        NaN,
        NaN,
        NaN,
        NaN,
        NaN,
        NaN,
        NaN,
        NaN,
        NaN,
        NaN,
        NaN,
        NaN,
        NaN,
        NaN,
        NaN,
        NaN,
        NaN,
        NaN,
        NaN,
        NaN,
        NaN,
        NaN,
        NaN,
        NaN,
        NaN,
        NaN,
        NaN,
        NaN,
        NaN,
        NaN,
        NaN,
        NaN
    ],
    "val_loss": [
        0.07619747519493103,
        0.05493469908833504,
        0.05024280026555061,
        0.06914655864238739,
        0.04254268854856491,
        0.042670201510190964,
        0.04287080466747284,
        0.03767501935362816,
        0.03701211139559746,
        0.04165778309106827,
        0.03564104437828064,
        0.035905804485082626,
        0.037357889115810394,
        0.038834694772958755,
        0.03712500259280205,
        0.037475768476724625,
        0.035056933760643005,
        0.03528112173080444,
        0.035379260778427124,
        0.03689713776111603,
        0.03474289923906326,
        0.040179528295993805,
        0.03409182280302048,
        0.0343996100127697,
        0.033499523997306824,
        0.032439325004816055,
        0.03433820232748985,
        0.03386553376913071,
        0.035309985280036926,
        0.03546677902340889,
        0.03310244530439377,
        0.033384114503860474,
        0.03255755081772804,
        0.03125467896461487,
        NaN,
        NaN,
        NaN,
        NaN,
        NaN,
        NaN,
        NaN,
        NaN,
        NaN,
        NaN,
        NaN,
        NaN,
        NaN,
        NaN,
        NaN,
        NaN,
        NaN,
        NaN,
        NaN,
        NaN,
        NaN,
        NaN,
        NaN,
        NaN,
        NaN,
        NaN,
        NaN,
        NaN,
        NaN,
        NaN,
        NaN,
        NaN,
        NaN,
        NaN,
        NaN,
        NaN,
        NaN,
        NaN,
        NaN,
        NaN,
        NaN,
        NaN,
        NaN,
        NaN,
        NaN,
        NaN,
        NaN,
        NaN,
        NaN,
        NaN
    ],