{"loss": 0.02745339274406433, "psnr": 30.604713439941406, "ssim": 0.9583287835121155}