{"loss": 0.049705322831869125, "psnr": 23.42976951599121, "ssim": 0.6505930423736572}