{"loss": 0.04335315153002739, "psnr": 23.724191665649414, "ssim": 0.7249064445495605}