{"loss": 0.08375108987092972, "psnr": 23.766813278198242, "ssim": 0.8213436603546143}