{"loss": 0.040198441594839096, "psnr": 25.546825408935547, "ssim": 0.7743862867355347}