{
    "loss": [
        0.09962746500968933,
        0.0676986426115036,
        0.05861356854438782,
        0.0554170086979866,
        0.053577497601509094,
        0.07343608886003494,
        0.06783460080623627,
        0.06301692873239517,
        0.05944950133562088,
        0.06021348759531975,
        0.05644376948475838,
        0.05493474006652832,
        0.05405212566256523,
        0.052805401384830475,
        0.05206537991762161,
        0.05136928707361221,
        0.05084965378046036,
        0.050505176186561584,
        0.04994312673807144,
        0.04959838464856148,
        0.049327921122312546,
        0.048865824937820435,
        0.04857465997338295,
        0.04829235374927521,
        0.046160873025655746,
        0.04595068842172623,
        0.045843083411455154,
        0.04575652629137039,
        0.045665424317121506,
        0.04559796303510666,
        0.045522842556238174,
        0.045542918145656586,
        0.04540744051337242,
        0.04534662514925003,
        0.04527943581342697,
        0.04523509740829468,
        0.045168187469244,
        0.04511864855885506,
        0.04504760727286339,
        0.044989872723817825,
        0.04494161158800125,
        0.04575767740607262,
        0.045372024178504944,
        0.045372605323791504,
        0.04798109456896782,
        0.04650913551449776,
        0.04814179986715317,
        0.04830655828118324,
        0.047633666545152664,
        0.0471222847700119,
        0.046798113733530045,
        0.04656002297997475,
        0.04637069255113602,
        0.04578665271401405,
        0.045710593461990356,
        0.045675911009311676,
        0.045640312135219574,
        0.045594677329063416,
        0.045568253844976425,
        0.04553714394569397,
        0.04550863429903984,
        0.04547400027513504,
        0.045451413840055466,
        0.04541287198662758,
        0.04538871720433235,
        0.04541771858930588,
        0.04557656869292259,
        0.04550463333725929,
        0.04546738415956497,
        0.04542604461312294,
        0.04539816081523895,
        0.045347992330789566,
        0.04526355862617493,
        0.04520918428897858,
        0.045168619602918625,
        0.045133668929338455,
        0.04511033371090889,
        0.04498350992798805,
        0.04499765485525131,
        0.044971391558647156,
        0.0449717752635479,
        0.04495837166905403,
        0.04496005177497864
    ],
    "psnr": [
        18.05243682861328,
        20.750402450561523,
        21.825557708740234,
        22.246912002563477,
        22.47776222229004,
        20.17888832092285,
        20.671552658081055,
        21.219614028930664,
        21.624937057495117,
        21.528759002685547,
        21.978837966918945,
        22.168750762939453,
        22.289505004882812,
        22.448732376098633,
        22.550870895385742,
        22.645307540893555,
        22.715045928955078,
        22.76822280883789,
        22.843677520751953,
        22.894500732421875,
        22.933324813842773,
        22.994638442993164,
        23.03854751586914,
        23.078157424926758,
        23.36020278930664,
        23.388891220092773,
        23.403911590576172,
        23.416629791259766,
        23.429075241088867,
        23.438539505004883,
        23.44964599609375,
        23.444534301757812,
        23.465435028076172,
        23.475341796875,
        23.485984802246094,
        23.490726470947266,
        23.500730514526367,
        23.50750160217285,
        23.519309997558594,
        23.527362823486328,
        23.534252166748047,
        23.398242950439453,
        23.46426010131836,
        23.452816009521484,
        23.059972763061523,
        23.29632568359375,
        23.09147834777832,
        23.07037925720215,
        23.168655395507812,
        23.238140106201172,
        23.283353805541992,
        23.317195892333984,
        23.343305587768555,
        23.420881271362305,
        23.432811737060547,
        23.43641471862793,
        23.441259384155273,
        23.44835090637207,
        23.451763153076172,
        23.457237243652344,
        23.459392547607422,
        23.465822219848633,
        23.468509674072266,
        23.474117279052734,
        23.477767944335938,
        23.47323226928711,
        23.438413619995117,
        23.44745445251465,
        23.45303726196289,
        23.460594177246094,
        23.464651107788086,
        23.474985122680664,
        23.491783142089844,
        23.500646591186523,
        23.507205963134766,
        23.512298583984375,
        23.51557731628418,
        23.532175064086914,
        23.53032875061035,
        23.53510093688965,
        23.534805297851562,
        23.536331176757812,
        23.53526496887207
    ],
    "ssim": [
        0.4895143508911133,
        0.6126178503036499,
        0.6679545640945435,
        0.6892873048782349,
        0.6969951391220093,
        0.582028865814209,
        0.6035497188568115,
        0.6256176233291626,
        0.6408987045288086,
        0.6339930891990662,
        0.6503445506095886,
        0.6591454148292542,
        0.6652901768684387,
        0.6715953946113586,
        0.6763041615486145,
        0.6799777150154114,
        0.6832112073898315,
        0.6855620741844177,
        0.6887054443359375,
        0.6907505393028259,
        0.69257652759552,
        0.6950815916061401,
        0.6968159079551697,
        0.6986190676689148,
        0.7053769826889038,
        0.706139862537384,
        0.7066765427589417,
        0.7071980834007263,
        0.7077242732048035,
        0.7081916332244873,
        0.7086346745491028,
        0.7086893320083618,
        0.709446132183075,
        0.7098586559295654,
        0.7103229761123657,
        0.7106761336326599,
        0.7110668420791626,
        0.7114583253860474,
        0.7118644714355469,
        0.7123030424118042,
        0.7126938700675964,
        0.7093400955200195,
        0.7108224630355835,
        0.711331307888031,
        0.7015931010246277,
        0.7061471343040466,
        0.6968546509742737,
        0.6930564045906067,
        0.6959758996963501,
        0.698972225189209,
        0.70071941614151,
        0.7020602822303772,
        0.7033765912055969,
        0.7058715224266052,
        0.7061620950698853,
        0.7063450217247009,
        0.7065561413764954,
        0.7067728638648987,
        0.70696622133255,
        0.7071579098701477,
        0.7073124647140503,
        0.7075099349021912,
        0.7076879143714905,
        0.7078879475593567,
        0.7080667614936829,
        0.7080463767051697,
        0.7077333927154541,
        0.7081090211868286,
        0.7082318663597107,
        0.7085126042366028,
        0.7086623311042786,
        0.7088857889175415,
        0.7092546224594116,
        0.7095165252685547,
        0.7097555994987488,
        0.7098867893218994,
        0.71006178855896,
        0.710593044757843,
        0.710578978061676,
        0.7106815576553345,
        0.7106800675392151,
        0.7107455134391785,
        0.7107601165771484
    ],