{
    "loss": [
        0.012649520300328732,
        0.004634527023881674,
        0.00389883597381413,
        0.0031199618242681026,
        0.0029294632840901613,
        0.002734601031988859,
        0.0025932372082024813,
        0.0025328423362225294,
        0.0024887435138225555,
        0.00236581196077168,
        0.0023582407739013433,
        0.0022722322028130293,
        0.00220014457590878,
        0.0022221973631531,
        0.0021808112505823374,
        0.002180454321205616,
        0.0021411655470728874,
        0.002132358495146036,
        0.0021434996742755175,
        0.002107696607708931,
        0.0020511061884462833,
        0.002015626523643732,
        0.002143561141565442,
        0.002059454331174493,
        0.0018547488143667579,
        0.0018716707127168775,
        0.0018877112306654453,
        0.0018607068341225386,
        0.0018882342847064137,
        0.0018643155926838517,
        0.0018880638526752591,
        0.0018877229886129498,
        0.0018566064536571503,
        0.0018958946457132697,
        0.0018439297564327717,
        0.0018756421050056815,
        0.0018597700400277972,
        0.001845367019996047,
        0.00184924085624516,
        0.0018607998499646783,
        0.0018347569275647402,
        0.0018422722350805998,
        0.001845310558564961,
        0.001855966984294355,
        0.0018206363311037421,
        0.0018388564931228757,
        0.0018410796765238047,
        0.0018320436356589198,
        0.0018565240316092968,
        0.0018194926669821143,
        0.001842426136136055,
        0.0018213667208328843,
        0.0018449591007083654,
        0.0018010307103395462,
        0.0018032955704256892,
        0.0018128802767023444,
        0.001811819151043892,
        0.0018310709856450558,
        0.001780323451384902,
        0.0017911868635565042,
        0.0017893679905682802
    ],
    "psnr": [
        20.718826293945312,
        23.776750564575195,
        24.52763557434082,
        25.42498207092285,
        25.713937759399414,
        26.011415481567383,
        26.2391357421875,
        26.353994369506836,
        26.446609497070312,
        26.652164459228516,
        26.660734176635742,
        26.822229385375977,
        26.960365295410156,
        26.919588088989258,
        26.993288040161133,
        27.01421546936035,
        27.073820114135742,
        27.101585388183594,
        27.074108123779297,
        27.158039093017578,
        27.257604598999023,
        27.327680587768555,
        27.091175079345703,
        27.237415313720703,
        27.666309356689453,
        27.63385772705078,
        27.5966854095459,
        27.654579162597656,
        27.592824935913086,
        27.646730422973633,
        27.5924129486084,
        27.6014347076416,
        27.668848037719727,
        27.5809326171875,
        27.692651748657227,
        27.630090713500977,
        27.65534210205078,
        27.693906784057617,
        27.685184478759766,
        27.656482696533203,
        27.712379455566406,
        27.69866180419922,
        27.69834327697754,
        27.656652450561523,
        27.755752563476562,
        27.711082458496094,
        27.709794998168945,
        27.7222843170166,
        27.671817779541016,
        27.749563217163086,
        27.69623565673828,
        27.75493049621582,
        27.685619354248047,
        27.79356575012207,
        27.78557777404785,
        27.767658233642578,
        27.766813278198242,
        27.722139358520508,
        27.83922004699707,
        27.81199073791504,
        27.820667266845703
    ],
    "ssim": [
        0.5282116532325745,
        0.7050648331642151,
        0.7423409223556519,
        0.7584264278411865,
        0.7714565396308899,
        0.7806638479232788,
        0.7876921892166138,
        0.7930411696434021,
        0.7976034879684448,
        0.8012340664863586,
        0.803368330001831,
        0.8062193989753723,
        0.8084063529968262,
        0.8098747134208679,
        0.8110443949699402,
        0.8128155469894409,
        0.8133124113082886,
        0.8147931098937988,
        0.8149392008781433,
        0.8163583874702454,
        0.8173868656158447,
        0.8183160424232483,
        0.8172834515571594,
        0.8185635209083557,
        0.8217354416847229,
        0.8219834566116333,
        0.8220865726470947,
        0.8222535848617554,
        0.8222784996032715,
        0.8225703835487366,
        0.8224760890007019,
        0.8227165341377258,
        0.8229768872261047,
        0.8230018019676208,
        0.8232593536376953,
        0.8233354091644287,
        0.8233039975166321,
        0.8235923647880554,
        0.8237050175666809,
        0.8237730264663696,
        0.8240203261375427,
        0.8240492343902588,
        0.8240450620651245,
        0.8243035674095154,
        0.8244158625602722,
        0.824427604675293,
        0.8245300650596619,
        0.8245408535003662,
        0.8245815634727478,
        0.8248999714851379,
        0.8247260451316833,
        0.8250836730003357,
        0.8248664736747742,
        0.8255372643470764,
        0.8254464268684387,
        0.8254890441894531,
        0.8254778981208801,
        0.8253269791603088,
        0.8255565762519836,
        0.8256281018257141,
        0.8256868124008179
    ],
    "val_loss": [
        0.005546243395656347,
        0.0056497943587601185,
        0.004550384357571602,
        0.0022325855679810047,
        0.002329439390450716,
        0.0033110519871115685,
        0.0017161258729174733,
        0.0024368329904973507,
        0.0019636654760688543,
        0.0016930734273046255,
        0.001573568326421082,
        0.0019263181602582335,
        0.0023238705471158028,
        0.0019776183180510998,
        0.001930302008986473,
        0.0016101724468171597,
        0.0016490118578076363,
        0.0020015265326946974,
        0.0017836192855611444,
        0.0017707108054310083,
        0.0017116022063419223,
        0.0018841879209503531,
        0.0021752608008682728,
        0.002227902878075838,
        0.0016567031852900982,
        0.0016109077259898186,
        0.0016185089480131865,
        0.0016644066199660301,
        0.00177243712823838,
        0.0016714795492589474,
        0.0016755660763010383,
        0.0016327478224411607,
        0.00167112669441849,
        0.001648786710575223,
        0.0017275335267186165,
        0.0016364227049052715,
        0.0017846242990344763,
        0.0016492475988343358,
        0.0016552663873881102,
        0.0018019212875515223,
        0.0016785121988505125,
        0.0016834037378430367,
        0.0015950241358950734,
        0.0016285883029922843,
        0.0016299213748425245,
        0.0016485723899677396,
        0.0016872759442776442,
        0.0016636617947369814,
        0.0017668441869318485,
        0.0017108316533267498,
        0.0016210521571338177,
        0.001605370081961155,
        0.0016899335896596313,
        0.0015789279714226723,
        0.0015762621769681573,
        0.001579305506311357,
        0.0015775262145325541,
        0.0015867395559325814,
        0.0015801489353179932,
        0.0015886942856013775,
        0.0015706885606050491
    ],