{"loss": 0.04620812088251114, "psnr": 23.027149200439453, "ssim": 0.7120839357376099}