{"loss": 0.004677210934460163, "psnr": 24.774314880371094, "ssim": 0.7012911438941956}