{"loss": 0.0839543342590332, "psnr": 22.361690521240234, "ssim": 0.909733772277832}