{"loss": 0.05233696848154068, "psnr": 24.406885147094727, "ssim": 0.9477346539497375}