{
    "loss": [
        0.18648554384708405,
        0.12048685550689697,
        0.11571427434682846,
        0.11183857172727585,
        0.10929124802350998,
        0.11822620034217834,
        0.10963046550750732,
        0.10754834860563278,
        0.10609151422977448,
        0.10499054938554764,
        0.10427004098892212,
        0.10389171540737152,
        0.10346692055463791,
        0.10301270335912704,
        0.10259202122688293,
        0.10222385078668594,
        0.10195329040288925,
        0.10151357203722,
        0.09961003065109253,
        0.09553422033786774,
        0.09301013499498367,
        0.09163162112236023,
        0.09067613631486893,
        0.08989851921796799,
        0.08936438709497452,
        0.0888766422867775,
        0.08830636739730835,
        0.08800961077213287,
        0.08768004179000854,
        0.08744386583566666,
        0.08715951442718506,
        0.08691446483135223,
        0.08665913343429565,
        0.08655037730932236,
        0.08633256703615189,
        0.08618729561567307,
        0.08599765598773956,
        0.08580685406923294,
        0.08569648116827011,
        0.085577093064785,
        0.08541440218687057,
        0.08533480763435364,
        0.08525963127613068,
        0.08512021601200104,
        0.08504869043827057,
        0.08493400365114212,
        0.08482705056667328,
        0.08475294709205627,
        0.08471439778804779,
        0.08459289371967316,
        0.0845077857375145,
        0.08302353322505951,
        0.08296142518520355,
        0.08291599899530411,
        0.08289115875959396,
        0.08288058638572693,
        0.08286908268928528,
        0.08283056318759918,
        0.08281050622463226,
        0.08277639001607895,
        0.082782082259655,
        0.08276056498289108,
        0.08271746337413788,
        0.0827031135559082,
        0.08266954123973846,
        0.08272082358598709,
        0.08267443627119064,
        0.08265841752290726,
        0.08265247941017151,
        0.08259646594524384,
        0.08259163796901703,
        0.08259834349155426,
        0.08258732408285141,
        0.08256454765796661,
        0.08253848552703857,
        0.08252935856580734,
        0.0825258195400238,
        0.08248017728328705,
        0.08249953389167786,
        0.08246774226427078,
        0.08218289911746979
    ],
    "psnr": [
        20.297496795654297,
        21.92071533203125,
        22.105810165405273,
        22.269771575927734,
        22.38428497314453,
        22.03472328186035,
        22.369035720825195,
        22.471370697021484,
        22.571922302246094,
        22.635465621948242,
        22.690990447998047,
        22.72386932373047,
        22.750125885009766,
        22.778810501098633,
        22.796634674072266,
        22.81873321533203,
        22.83270835876465,
        22.89012336730957,
        23.669944763183594,
        24.792072296142578,
        25.079341888427734,
        25.194955825805664,
        25.267375946044922,
        25.322908401489258,
        25.351728439331055,
        25.376361846923828,
        25.413110733032227,
        25.431398391723633,
        25.44577980041504,
        25.456085205078125,
        25.472272872924805,
        25.487234115600586,
        25.508220672607422,
        25.506465911865234,
        25.525676727294922,
        25.5346622467041,
        25.544065475463867,
        25.55219268798828,
        25.554969787597656,
        25.56852912902832,
        25.57711410522461,
        25.58253288269043,
        25.585214614868164,
        25.60211753845215,
        25.603294372558594,
        25.614940643310547,
        25.626142501831055,
        25.631338119506836,
        25.635332107543945,
        25.64444923400879,
        25.65127944946289,
        25.85802459716797,
        25.859294891357422,
        25.86260414123535,
        25.864744186401367,
        25.86733055114746,
        25.8655948638916,
        25.871719360351562,
        25.87044906616211,
        25.875394821166992,
        25.87297821044922,
        25.875619888305664,
        25.879304885864258,
        25.881479263305664,
        25.883535385131836,
        25.881250381469727,
        25.883554458618164,
        25.88690948486328,
        25.887714385986328,
        25.890880584716797,
        25.89238739013672,
        25.890779495239258,
        25.89229965209961,
        25.894134521484375,
        25.89668083190918,
        25.898624420166016,
        25.897014617919922,
        25.90315055847168,
        25.900819778442383,
        25.90489959716797,
        25.93997573852539
    ],
    "ssim": [
        0.7113454937934875,
        0.8242366909980774,
        0.8323624134063721,
        0.8390340805053711,
        0.843442976474762,
        0.8274023532867432,
        0.8423575162887573,
        0.8461204767227173,
        0.848528265953064,
        0.8503273725509644,
        0.8516116142272949,
        0.8523193001747131,
        0.8530405759811401,
        0.8537977933883667,
        0.8545421957969666,
        0.855144202709198,
        0.855602502822876,
        0.8560881018638611,
        0.8543473482131958,
        0.8552756309509277,
        0.8586255311965942,
        0.8607560992240906,
        0.8622767329216003,
        0.8635380268096924,
        0.8644829392433167,
        0.86533522605896,
        0.8663011789321899,
        0.8668052554130554,
        0.8673926591873169,
        0.8678147792816162,
        0.8683032989501953,
        0.868720293045044,
        0.8691157698631287,
        0.8693521618843079,
        0.8696912527084351,
        0.8699262738227844,
        0.8702554106712341,
        0.8706074953079224,
        0.8708159327507019,
        0.8709887266159058,
        0.8712730407714844,
        0.871408224105835,
        0.8715468645095825,
        0.8717456459999084,
        0.8718788027763367,
        0.8720559477806091,
        0.8722085356712341,
        0.8723295331001282,
        0.872394859790802,
        0.8725904822349548,
        0.8727266192436218,
        0.8745549321174622,
        0.8746684193611145,
        0.874742329120636,
        0.8747814297676086,
        0.8747873306274414,
        0.8748254179954529,
        0.874869704246521,
        0.8749147057533264,
        0.8749547004699707,
        0.8749550580978394,
        0.8749834299087524,
        0.8750538229942322,
        0.8750715851783752,
        0.875129222869873,
        0.8750318884849548,
        0.8751179575920105,
        0.8751261234283447,
        0.8751351833343506,
        0.8752325177192688,
        0.8752376437187195,
        0.8752337694168091,
        0.8752468824386597,
        0.8752844333648682,
        0.8753176331520081,
        0.8753272891044617,
        0.8753423690795898,
        0.8754035830497742,
        0.8753712773323059,
        0.875415563583374,
        0.8757772445678711
    ],