{"loss": 0.042937021702528, "psnr": 27.46731185913086, "ssim": 0.9489550590515137}