{"loss": 0.0955861285328865, "psnr": 21.978017807006836, "ssim": 0.8953124284744263}