{"loss": 0.04478704556822777, "psnr": 21.67487144470215, "ssim": 0.6461951732635498}