{"loss": 0.008045773953199387, "psnr": 22.297101974487305, "ssim": 0.6897158622741699}