{"loss": 0.06165007874369621, "psnr": 25.571672439575195, "ssim": 0.9202795028686523}