{"loss": 0.049928199499845505, "psnr": 25.911191940307617, "ssim": 0.9424927830696106}