{"loss": 0.031084947288036346, "psnr": 23.740642547607422, "ssim": 0.765048086643219}