{
    "loss": [
        0.08716558665037155,
        0.0734514594078064,
        0.06882742047309875,
        0.06673675030469894,
        0.06516002118587494,
        0.06353782117366791,
        0.06278320401906967,
        0.06146521493792534,
        0.06073430925607681,
        0.06096121668815613,
        0.06093982979655266,
        0.06015745922923088,
        0.059318553656339645,
        0.05876978859305382,
        0.05865272134542465,
        0.05888427793979645,
        0.058080580085515976,
        0.05764142423868179,
        0.05743814632296562,
        0.05765400826931,
        0.0574527233839035,
        0.05696636810898781,
        0.05710503086447716,
        0.056822363287210464,
        0.056428492069244385,
        0.05616569146513939,
        0.05595354735851288,
        0.055763695389032364,
        0.05445452779531479,
        0.0543745793402195,
        0.054327186197042465,
        0.05427966266870499,
        0.05426177382469177,
        0.0541854053735733,
        0.05417342483997345,
        0.05412109196186066,
        0.05411851778626442,
        0.05408639460802078,
        0.05404239520430565,
        0.05399679020047188,
        0.053997594863176346,
        0.05394051969051361,
        0.05391985550522804,
        0.05390160530805588,
        0.05390908941626549,
        0.05386532098054886,
        0.05384218692779541,
        0.05379030853509903,
        0.05376182869076729,
        0.05371691286563873,
        0.0537148080766201,
        0.05373791605234146,
        0.05344027280807495,
        0.053419969975948334,
        0.05341262370347977,
        0.05341900512576103,
        0.053393010050058365,
        0.053380005061626434,
        0.053380902856588364,
        0.05338524281978607,
        0.05337109416723251,
        0.053359705954790115,
        0.053356751799583435,
        0.0533406063914299,
        0.05334208533167839,
        0.05334286019206047,
        0.05332760140299797,
        0.053318895399570465,
        0.053321368992328644,
        0.05330093204975128,
        0.05330435931682587,
        0.053290728479623795,
        0.053289417177438736,
        0.05328475311398506,
        0.053280774503946304,
        0.053256720304489136,
        0.053219690918922424,
        0.053211212158203125,
        0.05321020632982254,
        0.05320407822728157
    ],
    "psnr": [
        18.98455238342285,
        20.239051818847656,
        20.656064987182617,
        20.925846099853516,
        21.06676483154297,
        21.246774673461914,
        21.314300537109375,
        21.484405517578125,
        21.56159210205078,
        21.55280303955078,
        21.542306900024414,
        21.643705368041992,
        21.744365692138672,
        21.840574264526367,
        21.855649948120117,
        21.822372436523438,
        21.89347267150879,
        21.961334228515625,
        21.98529052734375,
        22.01509666442871,
        22.03982925415039,
        22.10218620300293,
        22.046825408935547,
        22.096847534179688,
        22.157690048217773,
        22.186159133911133,
        22.200363159179688,
        22.22031021118164,
        22.361038208007812,
        22.37298011779785,
        22.377803802490234,
        22.384761810302734,
        22.39215660095215,
        22.399187088012695,
        22.40085220336914,
        22.408761978149414,
        22.410324096679688,
        22.41789436340332,
        22.414459228515625,
        22.424022674560547,
        22.425975799560547,
        22.434978485107422,
        22.433883666992188,
        22.44356918334961,
        22.44344711303711,
        22.45280647277832,
        22.448015213012695,
        22.452449798583984,
        22.460987091064453,
        22.466415405273438,
        22.469877243041992,
        22.466655731201172,
        22.501617431640625,
        22.505800247192383,
        22.505762100219727,
        22.503557205200195,
        22.50543785095215,
        22.507841110229492,
        22.507936477661133,
        22.50469398498535,
        22.50909996032715,
        22.510597229003906,
        22.509449005126953,
        22.512563705444336,
        22.511550903320312,
        22.514158248901367,
        22.518827438354492,
        22.521652221679688,
        22.518665313720703,
        22.518428802490234,
        22.5142879486084,
        22.519906997680664,
        22.518096923828125,
        22.521316528320312,
        22.524776458740234,
        22.527069091796875,
        22.53156852722168,
        22.533050537109375,
        22.531747817993164,
        22.532594680786133
    ],
    "ssim": [
        0.3693487346172333,
        0.4265861213207245,
        0.43460333347320557,
        0.4439573287963867,
        0.4522218406200409,
        0.45981767773628235,
        0.4630652964115143,
        0.46966883540153503,
        0.47379687428474426,
        0.4738559424877167,
        0.47478973865509033,
        0.47784537076950073,
        0.4823647439479828,
        0.4851047992706299,
        0.48651060461997986,
        0.48660987615585327,
        0.4901306629180908,
        0.4927222728729248,
        0.49413925409317017,
        0.49419698119163513,
        0.49528536200523376,
        0.4973694384098053,
        0.496657133102417,
        0.49901142716407776,
        0.5019503831863403,
        0.5029029250144958,
        0.5048564076423645,
        0.5063329935073853,
        0.509750247001648,
        0.5104023218154907,
        0.5109096169471741,
        0.5112098455429077,
        0.5114912390708923,
        0.5118169784545898,
        0.5121481418609619,
        0.5124253630638123,
        0.512535035610199,
        0.5129467844963074,
        0.5131517648696899,
        0.5134848356246948,
        0.5137401223182678,
        0.5139995813369751,
        0.5142018795013428,
        0.514442503452301,
        0.5145609378814697,
        0.514910101890564,
        0.5150094628334045,
        0.5152755975723267,
        0.5156185626983643,
        0.5159211754798889,
        0.5161322355270386,
        0.5161955952644348,
        0.5170814990997314,
        0.517074465751648,
        0.5171011686325073,
        0.5171245336532593,
        0.5172368884086609,
        0.5173114538192749,
        0.5173860192298889,
        0.5174949169158936,
        0.5174943208694458,
        0.5175836086273193,
        0.5175723433494568,
        0.5177069306373596,
        0.5176721811294556,
        0.5177443623542786,
        0.5178109407424927,
        0.5178458094596863,
        0.5178696513175964,
        0.5179339647293091,
        0.5179259777069092,
        0.5181620121002197,
        0.5181397795677185,
        0.5181528329849243,
        0.5182392001152039,
        0.5182005763053894,
        0.518629252910614,
        0.5184251666069031,
        0.5183956027030945,
        0.5183818340301514
    ],