{"loss": 0.04870770499110222, "psnr": 23.75942611694336, "ssim": 0.6772160530090332}