{
    "loss": 0.024764422327280045,
    "psnr": 29.832012176513672,
    "ssim": 0.9250255823135376
}
