{"loss": 0.11775161325931549, "psnr": 22.657917022705078, "ssim": 0.6993963718414307}