{"loss": 0.0012544570490717888, "psnr": 29.454021453857422, "ssim": 0.8965886831283569}