{"loss": 0.10958193242549896, "psnr": 22.785993576049805, "ssim": 0.7346513867378235}