{"loss": 0.04404910281300545, "psnr": 25.89933204650879, "ssim": 0.9543299674987793}