{
    "loss": 0.0005873577320016921,
    "psnr": 32.75075149536133,
    "ssim": 0.9557052850723267
}
