{"loss": 0.016207201406359673, "psnr": 32.956600189208984, "ssim": 0.9495955109596252}