{"loss": 0.03899677097797394, "psnr": 25.354511260986328, "ssim": 0.7357118129730225}