{"loss": 0.0008041778346523643, "psnr": 31.363588333129883, "ssim": 0.9328411817550659}