{"loss": 0.0034068538807332516, "psnr": 24.922199249267578, "ssim": 0.7959174513816833}