{
    "loss": [
        0.01269584335386753,
        0.004226059187203646,
        0.0034251392353326082,
        0.003002542769536376,
        0.0028692723717540503,
        0.002738435287028551,
        0.002607713919132948,
        0.00257507199421525,
        0.0025531072169542313,
        0.002441922202706337,
        0.002466863486915827,
        0.002374465810135007,
        0.0023146802559494972,
        0.0023543555289506912,
        0.0023049423471093178,
        0.0023063395638018847,
        0.002274523489177227,
        0.002275193575769663,
        0.0022779700811952353,
        0.002263495232909918,
        0.00220340839587152,
        0.0021634388249367476,
        0.0020493275951594114,
        0.002052070340141654,
        0.0019922140054404736,
        0.0020123636350035667,
        0.002029956551268697,
        0.002001117914915085,
        0.0020269278902560472,
        0.002002234570682049,
        0.0020284669008105993,
        0.002026405418291688,
        0.0019935970194637775,
        0.0020317607559263706,
        0.0019803806208074093,
        0.002015619073063135,
        0.0019945616368204355,
        0.001977070001885295,
        0.001980787143111229,
        0.0019945944659411907,
        0.0019714341033250093,
        0.001970356795936823,
        0.0019749407656490803,
        0.001988793723285198,
        0.0019517464097589254,
        0.0019701768178492785,
        0.0019749768543988466,
        0.001960231689736247,
        0.001981871435418725,
        0.0019455995643511415,
        0.0019703321158885956,
        0.0019266008166596293,
        0.0019395888084545732,
        0.0019254027865827084,
        0.0019285052549093962,
        0.0019363724859431386,
        0.0019368461798876524,
        0.00195472314953804,
        0.0019053375581279397,
        0.0019151299493387341,
        0.001910933991894126
    ],
    "psnr": [
        21.03094482421875,
        24.108909606933594,
        25.01041030883789,
        25.582157135009766,
        25.787307739257812,
        25.994426727294922,
        26.1895751953125,
        26.257604598999023,
        26.303884506225586,
        26.48477554321289,
        26.443702697753906,
        26.604907989501953,
        26.713956832885742,
        26.640804290771484,
        26.726415634155273,
        26.73808479309082,
        26.785205841064453,
        26.793724060058594,
        26.791259765625,
        26.82460594177246,
        26.928112030029297,
        27.00502586364746,
        27.23293685913086,
        27.224029541015625,
        27.345909118652344,
        27.30702781677246,
        27.270950317382812,
        27.328577041625977,
        27.272747039794922,
        27.325992584228516,
        27.26933479309082,
        27.27983283996582,
        27.348169326782227,
        27.26644515991211,
        27.371288299560547,
        27.306964874267578,
        27.34116554260254,
        27.385299682617188,
        27.376197814941406,
        27.343875885009766,
        27.393213272094727,
        27.396778106689453,
        27.391815185546875,
        27.348779678344727,
        27.443037033081055,
        27.402507781982422,
        27.390810012817383,
        27.41815948486328,
        27.373884201049805,
        27.44832420349121,
        27.396730422973633,
        27.497913360595703,
        27.45946502685547,
        27.491905212402344,
        27.486572265625,
        27.47023582458496,
        27.466611862182617,
        27.425533294677734,
        27.53426742553711,
        27.513174057006836,
        27.52456283569336
    ],
    "ssim": [
        0.5503181219100952,
        0.7037239074707031,
        0.7420880198478699,
        0.761749267578125,
        0.7714912295341492,
        0.7785757780075073,
        0.7832369804382324,
        0.7865620255470276,
        0.7892423272132874,
        0.7919749021530151,
        0.7929803729057312,
        0.7954694628715515,
        0.7972143888473511,
        0.7975559234619141,
        0.7986822128295898,
        0.799997866153717,
        0.8007274866104126,
        0.8014854192733765,
        0.801969587802887,
        0.802946150302887,
        0.8044164180755615,
        0.8053191900253296,
        0.8077089190483093,
        0.8081640601158142,
        0.8088545203208923,
        0.8090078830718994,
        0.8091554045677185,
        0.8093751668930054,
        0.8094697594642639,
        0.8098189234733582,
        0.8097572922706604,
        0.8100132942199707,
        0.8103460073471069,
        0.8104545474052429,
        0.8107519745826721,
        0.8109079599380493,
        0.8109685182571411,
        0.8113459348678589,
        0.8114930987358093,
        0.8115497827529907,
        0.8119207620620728,
        0.8120522499084473,
        0.8121560215950012,
        0.8123073577880859,
        0.8125565648078918,
        0.8126353621482849,
        0.8126212358474731,
        0.8128768801689148,
        0.812950611114502,
        0.8132892847061157,
        0.8132246136665344,
        0.8137603998184204,
        0.8137131333351135,
        0.8138327598571777,
        0.8138124346733093,
        0.8139142990112305,
        0.8138676285743713,
        0.8137440085411072,
        0.814026415348053,
        0.814117431640625,
        0.8141851425170898
    ],
    "val_loss": [
        0.010744291357696056,
        0.004189835861325264,
        0.005610616412013769,
        0.00387650728225708,
        0.003596286289393902,
        0.003513259580358863,
        0.0035531981848180294,
        0.005004319362342358,
        0.0044098347425460815,
        0.004029093775898218,
        0.003406854346394539,
        0.004518064670264721,
        0.003961679991334677,
        0.004071472678333521,
        0.003913175780326128,
        0.0036195938009768724,
        0.003602131735533476,
        0.004605206195265055,
        0.004107526503503323,
        0.0039903875440359116,
        0.003766987705603242,
        0.0038407081738114357,
        0.0036109958309680223,
        0.0037899489980190992,
        0.0037514041177928448,
        0.0036777667701244354,
        0.003699741093441844,
        0.0038037579506635666,
        0.003877792041748762,
        0.003747577778995037,
        0.003709305077791214,
        0.003765388857573271,
        0.0037267159204930067,
        0.0037834872491657734,
        0.0037626312114298344,
        0.0037517028395086527,
        0.003858423326164484,
        0.003795478492975235,
        0.0037737858947366476,
        0.003839090233668685,
        0.0038286326453089714,
        0.003811418078839779,
        0.003723775502294302,
        0.0037908130325376987,
        0.0037183116655796766,
        0.0037626298144459724,
        0.003805511398240924,
        0.0039429678581655025,
        0.003843823680654168,
        0.0038395507726818323,
        0.0037424545735120773,
        0.003709249896928668,
        0.0037248062435537577,
        0.003764661494642496,
        0.0037176425103098154,
        0.003741276217624545,
        0.0037448687944561243,
        0.0037171661388128996,
        0.0037382137961685658,
        0.003744717687368393,
        0.0037431148812174797
    ],