{
    "loss": [
        0.0752842128276825,
        0.056589167565107346,
        0.051016394048929214,
        0.046302322298288345,
        0.04521079733967781,
        0.04339340329170227,
        0.045551661401987076,
        0.04330510273575783,
        0.05558209866285324,
        0.049433644860982895,
        0.046879757195711136,
        0.045951902866363525,
        0.04429395869374275,
        0.04341733083128929,
        0.04279801622033119,
        0.04236295819282532,
        0.04193522408604622,
        0.041625332087278366,
        0.04121463745832443,
        0.04209810122847557,
        0.041403353214263916,
        0.04077937453985214,
        0.04048192873597145,
        0.04023607447743416,
        0.03997588902711868,
        0.03828170895576477,
        0.038153257220983505,
        0.03808268532156944,
        0.03801519423723221,
        0.037953510880470276,
        0.037887681275606155,
        0.03784087672829628,
        0.03778383508324623,
        0.038054801523685455,
        0.03783291578292847,
        0.037752602249383926,
        0.03769143670797348,
        0.03763473778963089,
        0.03758237510919571,
        0.037534572184085846,
        0.03748702257871628,
        0.03745412454009056,
        0.037398215383291245,
        0.03734879195690155,
        0.037308599799871445,
        0.037279821932315826,
        0.037218641489744186,
        0.03717607259750366,
        0.0371246263384819,
        0.03676433116197586,
        0.03674319013953209,
        0.03672477975487709,
        0.03671175241470337,
        0.036701750010252,
        0.03669405356049538,
        0.036682430654764175
    ],
    "psnr": [
        17.80952262878418,
        19.85345458984375,
        20.615528106689453,
        21.307621002197266,
        21.487899780273438,
        21.767486572265625,
        21.40465545654297,
        21.75531768798828,
        20.068920135498047,
        20.864795684814453,
        21.240768432617188,
        21.379032135009766,
        21.644397735595703,
        21.78262710571289,
        21.88425636291504,
        21.952983856201172,
        22.02546501159668,
        22.074499130249023,
        22.142789840698242,
        21.982606887817383,
        22.09586524963379,
        22.2064266204834,
        22.25675392150879,
        22.29783058166504,
        22.344589233398438,
        22.623069763183594,
        22.645658493041992,
        22.65768814086914,
        22.66988182067871,
        22.67935562133789,
        22.691268920898438,
        22.69980812072754,
        22.710838317871094,
        22.659019470214844,
        22.70089340209961,
        22.715473175048828,
        22.725244522094727,
        22.73468780517578,
        22.747447967529297,
        22.75431251525879,
        22.762718200683594,
        22.768095016479492,
        22.778234481811523,
        22.787883758544922,
        22.79424285888672,
        22.79917335510254,
        22.809764862060547,
        22.8173828125,
        22.826677322387695,
        22.8901424407959,
        22.892276763916016,
        22.897146224975586,
        22.898372650146484,
        22.90117645263672,
        22.902158737182617,
        22.904159545898438
    ],
    "ssim": [
        0.4933398365974426,
        0.582419753074646,
        0.6116685271263123,
        0.6359914541244507,
        0.6437293887138367,
        0.652915358543396,
        0.6424818634986877,
        0.6545951962471008,
        0.5898399353027344,
        0.6157457232475281,
        0.6294068098068237,
        0.6368846893310547,
        0.6478729248046875,
        0.6528555750846863,
        0.6566336750984192,
        0.6592797040939331,
        0.6619651317596436,
        0.6640627980232239,
        0.6664910316467285,
        0.6625284552574158,
        0.6663988828659058,
        0.6700035929679871,
        0.671883761882782,
        0.6734519600868225,
        0.6750391125679016,
        0.6824327707290649,
        0.6829786896705627,
        0.683388352394104,
        0.6837602853775024,
        0.6841533184051514,
        0.6845415234565735,
        0.6848057508468628,
        0.6851703524589539,
        0.6840762495994568,
        0.6851704120635986,
        0.6855651140213013,
        0.6860013604164124,
        0.6863296627998352,
        0.6866734623908997,
        0.686957597732544,
        0.6873641014099121,
        0.6875112652778625,
        0.6878694295883179,
        0.6882331371307373,
        0.6885100603103638,
        0.688790500164032,
        0.689159631729126,
        0.6895545125007629,
        0.6898556351661682,
        0.6918320655822754,
        0.6919865012168884,
        0.6920324563980103,
        0.6921558976173401,
        0.6922537684440613,
        0.6922491192817688,
        0.6923019289970398
    ],
    "val_loss": [
        0.09993208199739456,
        55.438323974609375,
        0.047019340097904205,
        0.04469425231218338,
        0.04261486232280731,
        0.04188309237360954,
        NaN,
        0.06085612624883652,
        NaN,
        NaN,
        NaN,
        NaN,
        NaN,
        NaN,
        NaN,
        NaN,
        NaN,
        NaN,
        NaN,
        NaN,
        NaN,
        NaN,
        NaN,
        NaN,
        NaN,
        NaN,
        NaN,
        NaN,
        NaN,
        NaN,
        NaN,
        NaN,
        NaN,
        NaN,
        NaN,
        NaN,
        NaN,
        NaN,
        NaN,
        NaN,
        NaN,
        NaN,
        NaN,
        NaN,
        NaN,
        NaN,
        NaN,
        NaN,
        NaN,
        NaN,
        NaN,
        NaN,
        NaN,
        NaN,
        NaN,
        NaN
    ],
    "val_psnr": [
        15.351581573486328,
        13.484747886657715,
        21.34752655029297,
        21.68067169189453,
        22.028640747070312,
        22.179994583129883,
        NaN,
        17.64383316040039,
        NaN,
        NaN,
        NaN,
        NaN,
        NaN,
        NaN,
        NaN,
        NaN,
        NaN,
        NaN,
        NaN,
        NaN,
        NaN,
        NaN,
        NaN,
        NaN,
        NaN,
        NaN,
        NaN,
        NaN,
        NaN,
        NaN,
        NaN,
        NaN,
        NaN,
        NaN,
        NaN,
        NaN,
        NaN,
        NaN,
        NaN,
        NaN,
        NaN,
        NaN,
        NaN,
        NaN,
        NaN,
        NaN,
        NaN,
        NaN,
        NaN,
        NaN,
        NaN,
        NaN,
        NaN,
        NaN,
        NaN,
        NaN
    ],
    "val_ssim": [
        0.4599529504776001,
        0.5289133191108704,
        0.6450930833816528,
        0.6552274823188782,
        0.6574176549911499,
        0.6684094071388245,
        NaN,
        0.6566022634506226,
        NaN,
        NaN,
        NaN,
        NaN,
        NaN,
        NaN,
        NaN,
        NaN,
        NaN,
        NaN,
        NaN,
        NaN,
        NaN,
        NaN,
        NaN,
        NaN,
        NaN,
        NaN,
        NaN,
        NaN,
        NaN,
        NaN,
        NaN,
        NaN,
        NaN,
        NaN,
        NaN,
        NaN,
        NaN,
        NaN,
        NaN,
        NaN,
        NaN,
        NaN,
        NaN,
        NaN,
        NaN,
        NaN,
        NaN,
        NaN,
        NaN,
        NaN,
        NaN,
        NaN,
        NaN,
        NaN,
        NaN,
        NaN
    ],