{"loss": 0.04155038669705391, "psnr": 22.206092834472656, "ssim": 0.669026792049408}