{"loss": 0.032000891864299774, "psnr": 30.142019271850586, "ssim": 0.9432183504104614}