{"loss": 0.0006143449572846293, "psnr": 32.34413146972656, "ssim": 0.9446777105331421}