{
    "loss": [
        0.018581997603178024,
        0.005060476716607809,
        0.003957749344408512,
        0.003462341846898198,
        0.0029581054113805294,
        0.00273404479958117,
        0.002597883576527238,
        0.0024908280465751886,
        0.002414174610748887,
        0.002347007393836975,
        0.0023063677363097668,
        0.002266484312713146,
        0.002232594648376107,
        0.0022076531313359737,
        0.002188076265156269,
        0.0021657946053892374,
        0.0021471416112035513,
        0.002126876497641206,
        0.002119353273883462,
        0.0021056896075606346,
        0.00209501083008945,
        0.0020822903607040644,
        0.0020732800476253033,
        0.0020648306235671043,
        0.0020525981672108173,
        0.0018821245757862926,
        0.0018775839125737548,
        0.0018740432569757104,
        0.0018705178517848253,
        0.0018675895407795906,
        0.0018653549486771226,
        0.0018635827582329512,
        0.0018607369856908917,
        0.0018575424328446388,
        0.0018561434699222445,
        0.0018539614975452423,
        0.0018522745231166482,
        0.001849908265285194,
        0.001847608364187181,
        0.0018460644641891122,
        0.0018434221856296062,
        0.0018421316053718328,
        0.0018400597618892789,
        0.001837886986322701,
        0.0018354370258748531,
        0.0018345547141507268,
        0.0018317116191610694,
        0.0018314169719815254,
        0.001829895074479282,
        0.0018281277734786272,
        0.0018257320625707507,
        0.0018233706941828132,
        0.0018223579972982407,
        0.0018202996579930186,
        0.0017964615253731608,
        0.0017955800285562873,
        0.0017952932976186275,
        0.0017943112179636955,
        0.0017937070224434137,
        0.0017937723314389586,
        0.0017931679030880332,
        0.0017929120222106576,
        0.0017924484563991427,
        0.0017922649858519435,
        0.0017912997864186764,
        0.0017914107302203774,
        0.0017909258604049683,
        0.001790574286133051,
        0.0017905107233673334,
        0.0017895385390147567,
        0.001789558446034789,
        0.0017894990742206573,
        0.0017892586765810847,
        0.0017888691509142518,
        0.0017886718269437551,
        0.0017883945256471634
    ],
    "psnr": [
        19.52800750732422,
        23.37858009338379,
        24.47675323486328,
        25.048025131225586,
        25.66045570373535,
        26.013729095458984,
        26.24323272705078,
        26.42281723022461,
        26.559049606323242,
        26.680395126342773,
        26.75943946838379,
        26.835355758666992,
        26.902849197387695,
        26.950654983520508,
        26.99216079711914,
        27.036924362182617,
        27.073469161987305,
        27.11265754699707,
        27.12981414794922,
        27.15690040588379,
        27.180015563964844,
        27.206729888916016,
        27.225664138793945,
        27.24335289001465,
        27.269996643066406,
        27.602975845336914,
        27.613536834716797,
        27.620685577392578,
        27.62932014465332,
        27.63565444946289,
        27.641080856323242,
        27.64620018005371,
        27.6523494720459,
        27.659460067749023,
        27.6621150970459,
        27.667394638061523,
        27.67156410217285,
        27.677385330200195,
        27.6821346282959,
        27.686315536499023,
        27.692304611206055,
        27.695180892944336,
        27.70029067993164,
        27.705211639404297,
        27.71055793762207,
        27.713294982910156,
        27.718917846679688,
        27.72085952758789,
        27.724550247192383,
        27.728490829467773,
        27.734357833862305,
        27.739410400390625,
        27.74289321899414,
        27.747304916381836,
        27.799579620361328,
        27.801555633544922,
        27.801969528198242,
        27.803424835205078,
        27.806045532226562,
        27.80625343322754,
        27.80718421936035,
        27.807722091674805,
        27.80811309814453,
        27.8096981048584,
        27.81181526184082,
        27.811504364013672,
        27.811853408813477,
        27.812904357910156,
        27.81315040588379,
        27.815719604492188,
        27.81545066833496,
        27.816184997558594,
        27.81631088256836,
        27.817214965820312,
        27.81825065612793,
        27.819135665893555
    ],
    "ssim": [
        0.5045693516731262,
        0.6858729720115662,
        0.7454314231872559,
        0.7694470286369324,
        0.7726134657859802,
        0.7838762998580933,
        0.7918137311935425,
        0.7973304390907288,
        0.8014327883720398,
        0.8045540452003479,
        0.8068004846572876,
        0.8086554408073425,
        0.8102245330810547,
        0.8114324808120728,
        0.8124717473983765,
        0.8133803009986877,
        0.8142539262771606,
        0.8150818943977356,
        0.8156754970550537,
        0.8163115382194519,
        0.8168784379959106,
        0.817406177520752,
        0.8179042339324951,
        0.8183743953704834,
        0.8188967704772949,
        0.8208193778991699,
        0.8211401700973511,
        0.8213081359863281,
        0.8214890360832214,
        0.8216465711593628,
        0.8217886686325073,
        0.8218891620635986,
        0.8220570087432861,
        0.8222198486328125,
        0.8222398161888123,
        0.8223941922187805,
        0.8224753141403198,
        0.822618305683136,
        0.8227264881134033,
        0.822844386100769,
        0.8229925632476807,
        0.8230946660041809,
        0.823207676410675,
        0.8233121633529663,
        0.8234142065048218,
        0.8235167860984802,
        0.8236006498336792,
        0.8237656950950623,
        0.823798418045044,
        0.8239323496818542,
        0.8240517377853394,
        0.8242340683937073,
        0.8242571353912354,
        0.8243650794029236,
        0.8246459364891052,
        0.8246939182281494,
        0.8246504068374634,
        0.8247512578964233,
        0.824804425239563,
        0.8247910737991333,
        0.8248133063316345,
        0.824837327003479,
        0.8248176574707031,
        0.8248364329338074,
        0.8248832821846008,
        0.8249061107635498,
        0.8248777389526367,
        0.8249421715736389,
        0.8249720335006714,
        0.8250116109848022,
        0.8249979615211487,
        0.8250157833099365,
        0.8250349760055542,
        0.8251251578330994,
        0.8250765800476074,
        0.8251175284385681
    ],