{
    "loss": [
        0.01134530734270811,
        0.003550534136593342,
        0.0028221197426319122,
        0.002466716570779681,
        0.0024154451675713062,
        0.002319504739716649,
        0.002197165274992585,
        0.0021899426355957985,
        0.0021790852770209312,
        0.002071618102490902,
        0.0020866941194981337,
        0.00200232258066535,
        0.001956813270226121,
        0.001983612310141325,
        0.0019472312415018678,
        0.001958208391442895,
        0.0019292054930701852,
        0.0019364062463864684,
        0.0019178945804014802,
        0.0019083950901404023,
        0.001859972020611167,
        0.0018156886799260974,
        0.0019479000475257635,
        0.0018824053695425391,
        0.001803677063435316,
        0.0018249343847855926,
        0.0016763901803642511,
        0.0016454288270324469,
        0.0016734475502744317,
        0.0016502361977472901,
        0.0016757743433117867,
        0.001675819861702621,
        0.0016442184569314122,
        0.001685515628196299,
        0.001631062594242394,
        0.0016651325859129429,
        0.001645411248318851,
        0.0016314175445586443,
        0.001633632811717689,
        0.0016501208301633596,
        0.0016245865263044834,
        0.0016309195198118687,
        0.0016302926233038306,
        0.0016466877423226833,
        0.0016082710353657603,
        0.0016263716388493776,
        0.001631535473279655,
        0.0016208618180826306,
        0.0016452601412311196,
        0.001607458689250052,
        0.0016320726135745645,
        0.0016118912026286125,
        0.0016345767071470618,
        0.0016156960045918822,
        0.0016287128673866391,
        0.00160032301209867,
        0.001598371542058885,
        0.0016170308226719499,
        0.0015652476577088237,
        0.0015753833577036858,
        0.0015758514637127519,
        0.0015672914450988173,
        0.001590594183653593,
        0.0015869509661570191,
        0.001583811012096703,
        0.0015858312835916877,
        0.0015771911712363362,
        0.0016080525238066912,
        0.001577073009684682,
        0.0015763848787173629,
        0.0015985876088961959,
        0.0015807182062417269,
        0.001580897718667984,
        0.0015614120056852698,
        0.0015803659334778786,
        0.0015738926595076919,
        0.0015725932316854596
    ],
    "psnr": [
        21.616317749023438,
        24.981889724731445,
        25.901561737060547,
        26.47654914855957,
        26.585254669189453,
        26.771005630493164,
        26.982105255126953,
        27.01033592224121,
        27.055049896240234,
        27.25712013244629,
        27.221511840820312,
        27.40159797668457,
        27.494535446166992,
        27.439674377441406,
        27.5135440826416,
        27.514528274536133,
        27.553895950317383,
        27.563152313232422,
        27.589162826538086,
        27.625577926635742,
        27.712987899780273,
        27.811351776123047,
        27.543514251708984,
        27.681753158569336,
        27.838518142700195,
        27.807249069213867,
        28.138839721679688,
        28.21318244934082,
        28.141971588134766,
        28.201026916503906,
        28.137609481811523,
        28.146284103393555,
        28.22262191772461,
        28.12022590637207,
        28.24961280822754,
        28.17618751525879,
        28.211320877075195,
        28.253862380981445,
        28.249052047729492,
        28.203964233398438,
        28.265625,
        28.253469467163086,
        28.260845184326172,
        28.201208114624023,
        28.319236755371094,
        28.2687931060791,
        28.26010513305664,
        28.277896881103516,
        28.222705841064453,
        28.310598373413086,
        28.24952507019043,
        28.312816619873047,
        28.23416519165039,
        28.288782119750977,
        28.257789611816406,
        28.33098030090332,
        28.332792282104492,
        28.283958435058594,
        28.418493270874023,
        28.388980865478516,
        28.39238166809082,
        28.41253089904785,
        28.36054039001465,
        28.36356544494629,
        28.362619400024414,
        28.359704971313477,
        28.387422561645508,
        28.31902503967285,
        28.387514114379883,
        28.395353317260742,
        28.32872772216797,
        28.383140563964844,
        28.37761688232422,
        28.427492141723633,
        28.386516571044922,
        28.403409957885742,
        28.399219512939453
    ],
    "ssim": [
        0.5830568075180054,
        0.7600469589233398,
        0.7831051349639893,
        0.7985990643501282,
        0.8055732846260071,
        0.8112778067588806,
        0.8155531883239746,
        0.8179369568824768,
        0.8208829760551453,
        0.823331356048584,
        0.8245267868041992,
        0.8268642425537109,
        0.8281114101409912,
        0.8289620876312256,
        0.8299140334129333,
        0.8310672640800476,
        0.8312195539474487,
        0.832261323928833,
        0.832603931427002,
        0.833322286605835,
        0.8343366384506226,
        0.8353680372238159,
        0.8337119817733765,
        0.834894597530365,
        0.8363907933235168,
        0.8368536829948425,
        0.8390585780143738,
        0.8394661545753479,
        0.8394895195960999,
        0.8398054838180542,
        0.8397932648658752,
        0.8400205969810486,
        0.8402590751647949,
        0.8402923941612244,
        0.8404859900474548,
        0.8405600786209106,
        0.8405287265777588,
        0.8408166170120239,
        0.8409493565559387,
        0.840955376625061,
        0.8411996960639954,
        0.8411961197853088,
        0.841256856918335,
        0.8414098620414734,
        0.8415167331695557,
        0.8415401577949524,
        0.8415517210960388,
        0.841562807559967,
        0.8416078090667725,
        0.8419034481048584,
        0.8416593670845032,
        0.8420356512069702,
        0.8417868614196777,
        0.8420838117599487,
        0.8419655561447144,
        0.8424035310745239,
        0.8424412608146667,
        0.8422712683677673,
        0.842551589012146,
        0.8426142930984497,
        0.8426150679588318,
        0.8426238298416138,
        0.8426822423934937,
        0.8427596092224121,
        0.8426012396812439,
        0.8426342010498047,
        0.8427633047103882,
        0.8426472544670105,
        0.8427848219871521,
        0.84284508228302,
        0.8427518606185913,
        0.8427932858467102,
        0.84285569190979,
        0.8428330421447754,
        0.8427825570106506,
        0.8429122567176819,
        0.8429263830184937
    ],