{
    "loss": [
        0.2539103627204895,
        0.1731591820716858,
        0.15076333284378052,
        0.14322954416275024,
        0.13884037733078003,
        0.13614009320735931,
        0.13404840230941772,
        0.13216271996498108,
        0.13070201873779297,
        0.12968096137046814,
        0.12882813811302185,
        0.12800991535186768,
        0.12717770040035248,
        0.1265632063150406,
        0.1258692592382431,
        0.12533186376094818,
        0.12487578392028809,
        0.12443075329065323,
        0.12373495101928711,
        0.12356378883123398,
        0.12313389778137207,
        0.12262141704559326,
        0.12247974425554276,
        0.12205277383327484,
        0.12172824144363403,
        0.1216304674744606,
        0.12133120745420456,
        0.12105371057987213,
        0.12092425674200058,
        0.12064013630151749,
        0.1204410120844841,
        0.12025053054094315,
        0.11997614055871964,
        0.11985861510038376,
        0.11966021358966827,
        0.11949117481708527,
        0.11928101629018784,
        0.11905082315206528,
        0.11911538243293762,
        0.1188013106584549,
        0.11866259574890137,
        0.1185639351606369,
        0.11832407116889954,
        0.11819697171449661,
        0.11802848428487778,
        0.11789838969707489,
        0.11778291314840317,
        0.1177111491560936,
        0.11746209859848022,
        0.11593212932348251,
        0.11582976579666138,
        0.11573036015033722,
        0.1157517358660698,
        0.11571146547794342,
        0.11567536741495132,
        0.11564600467681885,
        0.11556613445281982,
        0.1155671700835228,
        0.11552915722131729,
        0.11550277471542358,
        0.11546531319618225,
        0.11544807255268097,
        0.11543809622526169,
        0.11540232598781586,
        0.11534842103719711,
        0.11536853760480881,
        0.1153302937746048,
        0.11532706767320633,
        0.11529771238565445,
        0.11524002254009247,
        0.11521546542644501,
        0.11521067470312119,
        0.1151522845029831,
        0.11514311283826828,
        0.11513608694076538,
        0.1151188313961029,
        0.11507195234298706,
        0.11503361165523529,
        0.11483494192361832
    ],
    "psnr": [
        19.207944869995117,
        20.264694213867188,
        20.804622650146484,
        21.07377815246582,
        21.21768569946289,
        21.325395584106445,
        21.42713737487793,
        21.52899169921875,
        21.61465072631836,
        21.690399169921875,
        21.771047592163086,
        21.816139221191406,
        21.85151481628418,
        21.87663459777832,
        21.901517868041992,
        21.909337997436523,
        21.922195434570312,
        21.933792114257812,
        21.950300216674805,
        21.952049255371094,
        21.966487884521484,
        21.98151206970215,
        21.985395431518555,
        21.996524810791016,
        22.00859832763672,
        22.0130558013916,
        22.01987075805664,
        22.028989791870117,
        22.03466796875,
        22.044414520263672,
        22.05136489868164,
        22.056434631347656,
        22.06580924987793,
        22.073278427124023,
        22.079294204711914,
        22.084829330444336,
        22.091205596923828,
        22.099315643310547,
        22.096099853515625,
        22.10716438293457,
        22.111745834350586,
        22.11294174194336,
        22.12159538269043,
        22.124935150146484,
        22.13002586364746,
        22.13471031188965,
        22.138700485229492,
        22.139110565185547,
        22.148910522460938,
        22.21007537841797,
        22.215150833129883,
        22.217920303344727,
        22.21762466430664,
        22.219572067260742,
        22.221508026123047,
        22.22208023071289,
        22.224069595336914,
        22.225305557250977,
        22.226442337036133,
        22.227170944213867,
        22.230056762695312,
        22.229909896850586,
        22.231935501098633,
        22.2329044342041,
        22.234140396118164,
        22.234275817871094,
        22.234554290771484,
        22.23567008972168,
        22.23834228515625,
        22.239234924316406,
        22.240644454956055,
        22.241308212280273,
        22.243854522705078,
        22.24367904663086,
        22.244089126586914,
        22.24569320678711,
        22.24779510498047,
        22.249099731445312,
        22.25359535217285
    ],
    "ssim": [
        0.6928062438964844,
        0.7944974899291992,
        0.8228099346160889,
        0.8323153257369995,
        0.8378949761390686,
        0.8413590788841248,
        0.8439918756484985,
        0.8463667035102844,
        0.848227322101593,
        0.8495342135429382,
        0.8505898714065552,
        0.8516192436218262,
        0.8526806831359863,
        0.8534625172615051,
        0.8543512225151062,
        0.8550696969032288,
        0.8556600213050842,
        0.85624098777771,
        0.8571425080299377,
        0.8573718667030334,
        0.8579192161560059,
        0.8585736155509949,
        0.8587657809257507,
        0.8593108057975769,
        0.859717607498169,
        0.8598456382751465,
        0.8602301478385925,
        0.8605839014053345,
        0.8607434630393982,
        0.8611031174659729,
        0.8613537549972534,
        0.8616036176681519,
        0.8619468808174133,
        0.8620882034301758,
        0.8623447418212891,
        0.8625558018684387,
        0.8628271818161011,
        0.8631122708320618,
        0.8630340695381165,
        0.8634293079376221,
        0.8636047840118408,
        0.8637338280677795,
        0.8640331029891968,
        0.8641965389251709,
        0.8644081354141235,
        0.8645696640014648,
        0.8647141456604004,
        0.8648081421852112,
        0.8651168942451477,
        0.8670009970664978,
        0.8671213984489441,
        0.8672494292259216,
        0.8672234416007996,
        0.8672696948051453,
        0.8673134446144104,
        0.8673509359359741,
        0.8674525022506714,
        0.8674487471580505,
        0.8674973249435425,
        0.8675306439399719,
        0.8675746917724609,
        0.8675978183746338,
        0.8676052093505859,
        0.8676491975784302,
        0.8677206039428711,
        0.8676941990852356,
        0.8677441477775574,
        0.8677474856376648,
        0.8677788972854614,
        0.8678547143936157,
        0.8678826689720154,
        0.867888331413269,
        0.8679589033126831,
        0.8679724931716919,
        0.8679807782173157,
        0.8680009245872498,
        0.8680561184883118,
        0.8681039214134216,
        0.8683598637580872
    ],