{"loss": 0.08397164195775986, "psnr": 22.31259536743164, "ssim": 0.9096049666404724}