{"loss": 0.005416221916675568, "psnr": 24.259544372558594, "ssim": 0.6644452810287476}