{"loss": 0.04386216774582863, "psnr": 21.052181243896484, "ssim": 0.6422222852706909}