{
    "loss": [
        0.1444627195596695,
        0.09673268347978592,
        0.0928850993514061,
        0.08562877029180527,
        0.07961070537567139,
        0.07657414674758911,
        0.07472467422485352,
        0.07369478791952133,
        0.0727376639842987,
        0.07199136167764664,
        0.07129199057817459,
        0.07053788006305695,
        0.06982778012752533,
        0.06910450011491776,
        0.06852911412715912,
        0.0681304782629013,
        0.06769635528326035,
        0.06659267842769623,
        0.06560252606868744,
        0.06514626741409302,
        0.06472087651491165,
        0.064387746155262,
        0.06409270316362381,
        0.0637521892786026,
        0.06348307430744171,
        0.06327514350414276,
        0.06300945580005646,
        0.06286416947841644,
        0.06271786987781525,
        0.06257565319538116,
        0.06238358095288277,
        0.062222544103860855,
        0.06215246021747589,
        0.062008533626794815,
        0.06189205124974251,
        0.06179642677307129,
        0.0616622157394886,
        0.06157011538743973,
        0.06146717816591263,
        0.0613696426153183,
        0.0612930953502655,
        0.061188362538814545,
        0.061126239597797394,
        0.061053406447172165,
        0.06100787967443466,
        0.05930119752883911,
        0.05923045054078102,
        0.059186533093452454,
        0.05916094779968262,
        0.05914139747619629,
        0.059122636914253235,
        0.0590880922973156,
        0.059073515236377716,
        0.059044502675533295,
        0.05902930721640587,
        0.05899679660797119,
        0.058992259204387665,
        0.05898332968354225,
        0.058950282633304596,
        0.05893941968679428,
        0.058916229754686356,
        0.05888035148382187,
        0.05885745957493782,
        0.05885467678308487,
        0.05882679671049118,
        0.058812178671360016,
        0.05880655348300934,
        0.058792293071746826,
        0.05875246971845627,
        0.058741264045238495,
        0.05872722715139389,
        0.05871840938925743,
        0.05867854505777359,
        0.05866653844714165,
        0.05839482322335243,
        0.058350130915641785
    ],
    "psnr": [
        20.22867774963379,
        22.062440872192383,
        22.279985427856445,
        23.86294937133789,
        24.764429092407227,
        25.085830688476562,
        25.296913146972656,
        25.416719436645508,
        25.504899978637695,
        25.58042335510254,
        25.64039421081543,
        25.710159301757812,
        25.763164520263672,
        25.819000244140625,
        25.86693572998047,
        25.892900466918945,
        25.950294494628906,
        26.345970153808594,
        26.60498046875,
        26.683237075805664,
        26.743459701538086,
        26.788646697998047,
        26.82945442199707,
        26.878965377807617,
        26.912912368774414,
        26.938661575317383,
        26.976755142211914,
        26.995847702026367,
        27.010995864868164,
        27.030160903930664,
        27.053808212280273,
        27.075380325317383,
        27.0805721282959,
        27.100975036621094,
        27.110504150390625,
        27.123519897460938,
        27.14364242553711,
        27.152814865112305,
        27.164794921875,
        27.178495407104492,
        27.18677520751953,
        27.20212745666504,
        27.210634231567383,
        27.21705436706543,
        27.2226505279541,
        27.553939819335938,
        27.561460494995117,
        27.566415786743164,
        27.567161560058594,
        27.570608139038086,
        27.571855545043945,
        27.575149536132812,
        27.576229095458984,
        27.57986068725586,
        27.582155227661133,
        27.585275650024414,
        27.587949752807617,
        27.588720321655273,
        27.593454360961914,
        27.594619750976562,
        27.596439361572266,
        27.602209091186523,
        27.603391647338867,
        27.60462760925293,
        27.607885360717773,
        27.61053466796875,
        27.61086082458496,
        27.614824295043945,
        27.61870574951172,
        27.619325637817383,
        27.6220645904541,
        27.623994827270508,
        27.62979507446289,
        27.63051414489746,
        27.69171905517578,
        27.697500228881836
    ],
    "ssim": [
        0.6698845028877258,
        0.8046637773513794,
        0.8162559866905212,
        0.8107542395591736,
        0.817403256893158,
        0.8244994282722473,
        0.828925609588623,
        0.8314579129219055,
        0.8341578245162964,
        0.836215615272522,
        0.8383045196533203,
        0.8403522372245789,
        0.8423802852630615,
        0.8443243503570557,
        0.8457536697387695,
        0.8468396663665771,
        0.8475523591041565,
        0.8454561829566956,
        0.8452781438827515,
        0.8458424806594849,
        0.8466477394104004,
        0.847298264503479,
        0.8478832840919495,
        0.8485345244407654,
        0.8491126298904419,
        0.8496161103248596,
        0.8501336574554443,
        0.8504360914230347,
        0.8508211970329285,
        0.8511121869087219,
        0.8515672087669373,
        0.8519354462623596,
        0.852145791053772,
        0.8524595499038696,
        0.8527993559837341,
        0.8530097007751465,
        0.8532717227935791,
        0.8535356521606445,
        0.8537845015525818,
        0.8540089726448059,
        0.8542163372039795,
        0.8544248342514038,
        0.8545939922332764,
        0.8548145294189453,
        0.8549319505691528,
        0.8568750023841858,
        0.8570274710655212,
        0.8571785688400269,
        0.8572356104850769,
        0.8572794795036316,
        0.8573238849639893,
        0.8574340343475342,
        0.8574653267860413,
        0.8575487732887268,
        0.8575822114944458,
        0.8576602935791016,
        0.8576579093933105,
        0.8576808571815491,
        0.8577492833137512,
        0.8577826619148254,
        0.8578534126281738,
        0.8579277992248535,
        0.857994556427002,
        0.8580014109611511,
        0.8580642342567444,
        0.8580898642539978,
        0.858102023601532,
        0.8581218123435974,
        0.8582457900047302,
        0.8582615852355957,
        0.8582979440689087,
        0.8583118915557861,
        0.8584163784980774,
        0.8584253191947937,
        0.8586615920066833,
        0.8587865829467773
    ],