{"loss": 0.0470387265086174, "psnr": 26.988813400268555, "ssim": 0.9190824031829834}