{"loss": 0.02014840580523014, "psnr": 31.70391273498535, "ssim": 0.9518426060676575}