{
    "loss": [
        0.07290361076593399,
        0.050590746104717255,
        0.046515315771102905,
        0.04372840002179146,
        0.042811810970306396,
        0.04149923473596573,
        0.0407366082072258,
        0.04054153338074684,
        0.03901735320687294,
        0.03585771471261978,
        0.0357024110853672,
        0.0346970371901989,
        0.03396514803171158,
        0.03440512344241142,
        0.033910006284713745,
        0.033839717507362366,
        0.03351910039782524,
        0.03349003568291664,
        0.03347138687968254,
        0.033119577914476395,
        0.032720763236284256,
        0.032264452427625656,
        0.03358170762658119,
        0.032743118703365326,
        0.032109372317790985,
        0.03235606104135513,
        0.0325792171061039,
        0.032146696001291275,
        0.032354686409235,
        0.03156529366970062,
        0.03246583417057991,
        0.03191781044006348,
        0.03203212469816208,
        0.03257724270224571,
        0.031053762882947922,
        0.032386258244514465,
        0.031562477350234985,
        0.031626228243112564,
        0.031672630459070206,
        0.03174110874533653,
        0.031499799340963364,
        0.03143954649567604,
        0.031277094036340714,
        0.031427085399627686,
        0.030967028811573982,
        0.03140728175640106,
        0.02967461384832859,
        0.029538964852690697,
        0.029793469235301018,
        0.02944052405655384,
        0.029728416353464127,
        0.02942586876451969,
        0.029728766530752182,
        0.029565351083874702,
        0.029661808162927628,
        0.02967855893075466,
        0.029752684757113457,
        0.029793860390782356,
        0.029202019795775414,
        0.02931654080748558,
        0.02934049628674984,
        0.029245110228657722,
        0.02946358360350132,
        0.029440853744745255,
        0.029355011880397797,
        0.029467765241861343,
        0.029313333332538605,
        0.029664387926459312,
        0.02924976870417595,
        0.029416989535093307,
        0.029645681381225586,
        0.02939130924642086,
        0.029375599697232246,
        0.029123585671186447,
        0.029237452894449234,
        0.028920529410243034
    ],
    "psnr": [
        21.122047424316406,
        23.8123722076416,
        24.46542739868164,
        25.020919799804688,
        25.25215721130371,
        25.51386833190918,
        25.675573348999023,
        25.743078231811523,
        26.033884048461914,
        26.629594802856445,
        26.676057815551758,
        26.87688446044922,
        27.030244827270508,
        26.945194244384766,
        27.041019439697266,
        27.06970977783203,
        27.13087272644043,
        27.139291763305664,
        27.144855499267578,
        27.217374801635742,
        27.297895431518555,
        27.37539291381836,
        27.12101173400879,
        27.29965591430664,
        27.412446975708008,
        27.373517990112305,
        27.337383270263672,
        27.41079330444336,
        27.375715255737305,
        27.536134719848633,
        27.365310668945312,
        27.475629806518555,
        27.44587516784668,
        27.349584579467773,
        27.645353317260742,
        27.398378372192383,
        27.557910919189453,
        27.550731658935547,
        27.53631591796875,
        27.535869598388672,
        27.575565338134766,
        27.591562271118164,
        27.633405685424805,
        27.596338272094727,
        27.696866989135742,
        27.61152458190918,
        27.966049194335938,
        27.985864639282227,
        27.93789291381836,
        28.00246238708496,
        27.941843032836914,
        28.002939224243164,
        27.936214447021484,
        27.97179412841797,
        27.95372772216797,
        27.95537567138672,
        27.937740325927734,
        27.9281005859375,
        28.03630828857422,
        28.01798439025879,
        28.018314361572266,
        28.034055709838867,
        27.994855880737305,
        27.992372512817383,
        28.009410858154297,
        27.985153198242188,
        28.016761779785156,
        27.957582473754883,
        28.030834197998047,
        28.00345230102539,
        27.95621681213379,
        28.01238250732422,
        28.003923416137695,
        28.052797317504883,
        28.040067672729492,
        28.107683181762695
    ],
    "ssim": [
        0.5961613059043884,
        0.7408614158630371,
        0.7705137729644775,
        0.7883391380310059,
        0.7976635694503784,
        0.8045814633369446,
        0.8087964653968811,
        0.8109332323074341,
        0.8079777956008911,
        0.8055894374847412,
        0.8084142208099365,
        0.8116220235824585,
        0.814114511013031,
        0.8152540922164917,
        0.8169655203819275,
        0.8192325234413147,
        0.8203943967819214,
        0.8218960762023926,
        0.82280033826828,
        0.8240706324577332,
        0.8253277540206909,
        0.8265799283981323,
        0.8255839943885803,
        0.826732873916626,
        0.8284634351730347,
        0.8289201855659485,
        0.8289151787757874,
        0.8294999003410339,
        0.8299295902252197,
        0.831059455871582,
        0.83050137758255,
        0.8311464190483093,
        0.8314156532287598,
        0.8306685090065002,
        0.8328312635421753,
        0.8317914605140686,
        0.8327091336250305,
        0.8329505324363708,
        0.8331947922706604,
        0.8337883353233337,
        0.8338523507118225,
        0.8345922827720642,
        0.8349756002426147,
        0.8352426290512085,
        0.8356558084487915,
        0.8355410099029541,
        0.8378713130950928,
        0.8381592035293579,
        0.8383216261863708,
        0.8386282324790955,
        0.8384008407592773,
        0.8388164043426514,
        0.838554322719574,
        0.8388598561286926,
        0.8387474417686462,
        0.8389855623245239,
        0.8390358090400696,
        0.838993489742279,
        0.8393358588218689,
        0.8393733501434326,
        0.8395013809204102,
        0.8395265340805054,
        0.8395766615867615,
        0.8396118879318237,
        0.839771568775177,
        0.8396188020706177,
        0.8398360013961792,
        0.839703381061554,
        0.8398759961128235,
        0.8400036096572876,
        0.8398958444595337,
        0.8400352597236633,
        0.8400225639343262,
        0.8402107954025269,
        0.8402692079544067,
        0.8407214283943176
    ],