{"loss": 0.023237718269228935, "psnr": 28.625402450561523, "ssim": 0.875038743019104}