{"loss": 0.09679634869098663, "psnr": 23.503019332885742, "ssim": 0.7702287435531616}