{"loss": 0.03403635695576668, "psnr": 29.22456932067871, "ssim": 0.9469731450080872}