{"loss": 0.0026378578040748835, "psnr": 27.110004425048828, "ssim": 0.8154547810554504}