{
    "loss": [
        0.013164433650672436,
        0.008094029501080513,
        0.006683029234409332,
        0.006073778495192528,
        0.005699991248548031,
        0.005447437986731529,
        0.005264996085315943,
        0.005132042802870274,
        0.005016010254621506,
        0.004947531968355179,
        0.004885668400675058,
        0.004799678921699524,
        0.0047484892420470715,
        0.004713281057775021,
        0.004676957614719868,
        0.004613807890564203,
        0.004596903920173645,
        0.004563857801258564,
        0.004528601188212633,
        0.004487296100705862,
        0.004481157287955284,
        0.0044581955298781395,
        0.004427437670528889,
        0.00441433722153306,
        0.004388820845633745,
        0.004231099039316177,
        0.0042162612080574036,
        0.00421028770506382,
        0.004203618038445711,
        0.00419632950797677,
        0.004191568586975336,
        0.004188367631286383,
        0.004182811360806227,
        0.004179095383733511,
        0.004171392880380154,
        0.0041653551161289215,
        0.004162171855568886,
        0.0041578058153390884,
        0.00415403489023447,
        0.004149060230702162,
        0.004143812693655491,
        0.004140727687627077,
        0.004134772345423698,
        0.004132167436182499,
        0.004127841908484697,
        0.00412350706756115,
        0.004119376186281443,
        0.004115124698728323,
        0.004111125599592924,
        0.004085099324584007,
        0.004082343075424433,
        0.004081022925674915,
        0.004080237355083227,
        0.004079381003975868,
        0.004077625926584005,
        0.004077355843037367,
        0.0040772040374577045,
        0.004075642675161362,
        0.004074549302458763,
        0.004072624258697033,
        0.00407252786681056,
        0.0040716505609452724,
        0.004071155562996864,
        0.00406959094107151,
        0.004068300593644381,
        0.004067740403115749,
        0.004066809546202421,
        0.004066331312060356,
        0.004065067507326603
    ],
    "psnr": [
        20.057580947875977,
        21.667203903198242,
        22.435081481933594,
        22.816734313964844,
        23.088809967041016,
        23.308807373046875,
        23.464828491210938,
        23.577421188354492,
        23.682735443115234,
        23.740619659423828,
        23.79288673400879,
        23.873937606811523,
        23.921356201171875,
        23.952425003051758,
        23.986156463623047,
        24.0523681640625,
        24.06679344177246,
        24.100589752197266,
        24.134374618530273,
        24.17725944519043,
        24.180734634399414,
        24.20280647277832,
        24.236459732055664,
        24.247821807861328,
        24.275409698486328,
        24.460996627807617,
        24.478130340576172,
        24.48488998413086,
        24.492399215698242,
        24.50017547607422,
        24.50425910949707,
        24.50853157043457,
        24.515119552612305,
        24.51881980895996,
        24.527969360351562,
        24.533897399902344,
        24.53756332397461,
        24.541954040527344,
        24.546079635620117,
        24.552160263061523,
        24.557952880859375,
        24.561290740966797,
        24.567968368530273,
        24.57001304626465,
        24.574594497680664,
        24.579559326171875,
        24.58350372314453,
        24.58850860595703,
        24.593530654907227,
        24.627103805541992,
        24.630935668945312,
        24.631912231445312,
        24.632553100585938,
        24.633525848388672,
        24.635210037231445,
        24.63599967956543,
        24.63631820678711,
        24.637449264526367,
        24.638944625854492,
        24.641197204589844,
        24.64142417907715,
        24.641813278198242,
        24.642871856689453,
        24.644397735595703,
        24.645124435424805,
        24.64615249633789,
        24.646583557128906,
        24.64747428894043,
        24.649253845214844
    ],
    "ssim": [
        0.43143516778945923,
        0.5186053514480591,
        0.5463191270828247,
        0.5603527426719666,
        0.5701393485069275,
        0.579035758972168,
        0.5861871838569641,
        0.5904083847999573,
        0.5936868190765381,
        0.5960274338722229,
        0.5981776118278503,
        0.6007281541824341,
        0.6027313470840454,
        0.6041589975357056,
        0.605628490447998,
        0.6075641512870789,
        0.6084392666816711,
        0.6095659136772156,
        0.610575258731842,
        0.6116356253623962,
        0.6123362183570862,
        0.6128280162811279,
        0.6136979460716248,
        0.6142612099647522,
        0.6151803731918335,
        0.6182078123092651,
        0.6186463832855225,
        0.6189125776290894,
        0.619188666343689,
        0.6194520592689514,
        0.6196313500404358,
        0.6198410987854004,
        0.6200715899467468,
        0.6203039884567261,
        0.6205505132675171,
        0.6207639575004578,
        0.6210237741470337,
        0.6211962699890137,
        0.6213669180870056,
        0.6215682625770569,
        0.6218020915985107,
        0.6220433115959167,
        0.6222107410430908,
        0.6223713159561157,
        0.6226103901863098,
        0.6227744221687317,
        0.6229130029678345,
        0.623162031173706,
        0.6233980059623718,
        0.62398362159729,
        0.6240997910499573,
        0.6241020560264587,
        0.6241536140441895,
        0.624182939529419,
        0.6242342591285706,
        0.6243005394935608,
        0.6242473721504211,
        0.6243503093719482,
        0.624426543712616,
        0.6244805455207825,
        0.6245436668395996,
        0.6245549917221069,
        0.6246033310890198,
        0.6246351599693298,
        0.6246846914291382,
        0.6246659755706787,
        0.6246974468231201,
        0.6247316598892212,
        0.6248325109481812
    ],