{
    "loss": [
        0.19426530599594116,
        0.17143402993679047,
        0.16063547134399414,
        0.15131154656410217,
        0.14772294461727142,
        0.14522923529148102,
        0.14350084960460663,
        0.1422261744737625,
        0.14102678000926971,
        0.14124618470668793,
        0.14019545912742615,
        0.13883574306964874,
        0.1374272257089615,
        0.1369038075208664,
        0.13630734384059906,
        0.13643230497837067,
        0.13548244535923004,
        0.1350829303264618,
        0.13497678935527802,
        0.1352771669626236,
        0.13419632613658905,
        0.1339050531387329,
        0.13336215913295746,
        0.1330694854259491,
        0.1327630877494812,
        0.13261429965496063,
        0.13281363248825073,
        0.13188499212265015,
        0.1315792053937912,
        0.13141129910945892,
        0.13218659162521362,
        0.1308060586452484,
        0.13023905456066132,
        0.13001808524131775,
        0.13173964619636536,
        0.12989802658557892,
        0.1310807317495346,
        0.13129520416259766,
        0.12935838103294373,
        0.12947197258472443,
        0.1294400840997696,
        0.1287413239479065,
        0.12908507883548737,
        0.12990573048591614,
        0.12861701846122742,
        0.12832079827785492,
        0.1280117928981781,
        0.12780310213565826,
        0.12819772958755493,
        0.12784641981124878,
        0.12794487178325653,
        0.1279332935810089,
        0.12582184374332428,
        0.12578444182872772,
        0.1256367564201355,
        0.12654606997966766,
        0.12588489055633545,
        0.12556955218315125,
        0.12628304958343506,
        0.12547564506530762,
        0.1257110834121704,
        0.12545230984687805,
        0.12537255883216858,
        0.12538772821426392,
        0.12528420984745026,
        0.1253875494003296,
        0.12543745338916779,
        0.12523610889911652,
        0.12515278160572052,
        0.12517422437667847,
        0.12516215443611145,
        0.12520402669906616,
        0.12514519691467285,
        0.1252436488866806,
        0.12549027800559998,
        0.12513312697410583,
        0.12472004443407059,
        0.12468315660953522,
        0.12483398616313934,
        0.12468470633029938,
        0.12466228008270264,
        0.1247236430644989
    ],
    "psnr": [
        18.48284149169922,
        19.172168731689453,
        19.887256622314453,
        20.960790634155273,
        21.24254608154297,
        21.42904281616211,
        21.56818199157715,
        21.688020706176758,
        21.7766056060791,
        21.780149459838867,
        21.880109786987305,
        21.956796646118164,
        22.044343948364258,
        22.081937789916992,
        22.127681732177734,
        22.123369216918945,
        22.16090202331543,
        22.162158966064453,
        22.190868377685547,
        22.2052001953125,
        22.244115829467773,
        22.347143173217773,
        22.39532470703125,
        22.4079532623291,
        22.430898666381836,
        22.42084503173828,
        22.37238121032715,
        22.435903549194336,
        22.457426071166992,
        22.46489715576172,
        22.417888641357422,
        22.56413459777832,
        22.573909759521484,
        22.595653533935547,
        22.413358688354492,
        22.53655242919922,
        22.510225296020508,
        22.437576293945312,
        22.56525993347168,
        22.586347579956055,
        22.621625900268555,
        22.662002563476562,
        22.6346378326416,
        22.5993709564209,
        22.67697525024414,
        22.682353973388672,
        22.70825958251953,
        22.71021270751953,
        22.6408748626709,
        22.7360782623291,
        22.718259811401367,
        22.65656089782715,
        22.840280532836914,
        22.855939865112305,
        22.866186141967773,
        22.81626319885254,
        22.88117790222168,
        22.896955490112305,
        22.83810043334961,
        22.89979362487793,
        22.877485275268555,
        22.872133255004883,
        22.891233444213867,
        22.87116813659668,
        22.887422561645508,
        22.871417999267578,
        22.883350372314453,
        22.89457130432129,
        22.89636993408203,
        22.9003849029541,
        22.899656295776367,
        22.88919448852539,
        22.89287567138672,
        22.930496215820312,
        22.933149337768555,
        22.96339988708496,
        22.99843978881836,
        23.006959915161133,
        22.965059280395508,
        22.98398780822754,
        22.98916244506836,
        22.955493927001953
    ],
    "ssim": [
        0.5090475678443909,
        0.5801182389259338,
        0.601726770401001,
        0.6049003601074219,
        0.6121163368225098,
        0.6160614490509033,
        0.6195055246353149,
        0.622032105922699,
        0.6244136095046997,
        0.6239271759986877,
        0.6259031295776367,
        0.6292771697044373,
        0.6323246359825134,
        0.6338061690330505,
        0.6352133750915527,
        0.6350892186164856,
        0.6370667815208435,
        0.637972354888916,
        0.6381717920303345,
        0.6377242207527161,
        0.6399585008621216,
        0.6407874226570129,
        0.6417198777198792,
        0.6423665881156921,
        0.6429358720779419,
        0.6435868144035339,
        0.6432937383651733,
        0.6452881097793579,
        0.6462364196777344,
        0.6466957926750183,
        0.6450023651123047,
        0.6481240391731262,
        0.64934903383255,
        0.6500184535980225,
        0.6467664837837219,
        0.6506179571151733,
        0.6475759744644165,
        0.6473559141159058,
        0.6517866253852844,
        0.6515692472457886,
        0.6513985395431519,
        0.6532638669013977,
        0.6523413062095642,
        0.6502595543861389,
        0.653680145740509,
        0.6543217897415161,
        0.6550658941268921,
        0.6555321216583252,
        0.6550772190093994,
        0.655780553817749,
        0.6553815603256226,
        0.655585527420044,
        0.6592172980308533,
        0.6592755913734436,
        0.6595652103424072,
        0.6576969027519226,
        0.6589176058769226,
        0.6596968770027161,
        0.6577913165092468,
        0.6599483489990234,
        0.6593928933143616,
        0.6599991321563721,
        0.6600737571716309,
        0.6600953936576843,
        0.6602873802185059,
        0.6600467562675476,
        0.6598140597343445,
        0.6602919101715088,
        0.6605013608932495,
        0.6604692339897156,
        0.660487711429596,
        0.6603456139564514,
        0.6604211926460266,
        0.6603475213050842,
        0.6594971418380737,
        0.6604651212692261,
        0.6611652374267578,
        0.6612399220466614,
        0.6607102751731873,
        0.6612050533294678,
        0.6611823439598083,
        0.6610856652259827
    ],