{"loss": 0.03053814172744751, "psnr": 25.35397720336914, "ssim": 0.8199549913406372}