{
    "loss": [
        0.07223169505596161,
        0.04815967381000519,
        0.042902324348688126,
        0.039298903197050095,
        0.03899921476840973,
        0.037678468972444534,
        0.03689328953623772,
        0.03656674176454544,
        0.03602518141269684,
        0.03536481410264969,
        0.03566596657037735,
        0.034777261316776276,
        0.03423202037811279,
        0.03476525470614433,
        0.034364305436611176,
        0.03449532762169838,
        0.03419584408402443,
        0.034088391810655594,
        0.03418215736746788,
        0.03387316316366196,
        0.03354634717106819,
        0.03311263769865036,
        0.034376032650470734,
        0.0336100272834301,
        0.03304947167634964,
        0.03323441743850708,
        0.033523038029670715,
        0.033028747886419296,
        0.033184539526700974,
        0.03258339688181877,
        0.033379677683115005,
        0.03278429061174393,
        0.032919660210609436,
        0.033472467213869095,
        0.03198551386594772,
        0.03325096145272255,
        0.03116551786661148,
        0.030871255323290825,
        0.030883217230439186,
        0.031036099418997765,
        0.030812827870249748,
        0.030852079391479492,
        0.030893029645085335,
        0.031064696609973907,
        0.03064257837831974,
        0.030812930315732956,
        0.0309001412242651,
        0.030763303861021996,
        0.031005749478936195,
        0.03068242408335209,
        0.03094022534787655,
        0.03064446523785591,
        0.030960803851485252,
        0.030780356377363205,
        0.030871298164129257,
        0.030883239582180977,
        0.030969349667429924,
        0.030994849279522896,
        0.030400952324271202,
        0.030523471534252167,
        0.030522478744387627,
        0.030436530709266663,
        0.03066292405128479,
        0.030609358102083206,
        0.030570313334465027,
        0.03030950203537941
    ],
    "psnr": [
        21.34008026123047,
        24.21576690673828,
        25.15884017944336,
        25.87165069580078,
        25.960086822509766,
        26.233612060546875,
        26.394758224487305,
        26.47777557373047,
        26.586835861206055,
        26.70964241027832,
        26.66282081604004,
        26.84132957458496,
        26.95337677001953,
        26.851987838745117,
        26.931568145751953,
        26.92222785949707,
        26.982513427734375,
        27.00724983215332,
        26.988447189331055,
        27.05474281311035,
        27.124534606933594,
        27.200576782226562,
        26.957199096679688,
        27.117340087890625,
        27.218637466430664,
        27.194292068481445,
        27.145008087158203,
        27.232887268066406,
        27.20747947692871,
        27.328397750854492,
        27.175586700439453,
        27.295652389526367,
        27.266374588012695,
        27.167905807495117,
        27.457130432128906,
        27.21611976623535,
        27.63401222229004,
        27.69446563720703,
        27.683298110961914,
        27.650785446166992,
        27.690670013427734,
        27.681962966918945,
        27.675220489501953,
        27.6347599029541,
        27.729595184326172,
        27.69188690185547,
        27.673847198486328,
        27.698898315429688,
        27.654077529907227,
        27.71561050415039,
        27.664413452148438,
        27.723302841186523,
        27.658058166503906,
        27.694820404052734,
        27.679384231567383,
        27.682003021240234,
        27.663026809692383,
        27.65800666809082,
        27.767276763916016,
        27.74624252319336,
        27.75009536743164,
        27.76573944091797,
        27.723644256591797,
        27.73082160949707,
        27.735193252563477,
        27.790742874145508
    ],
    "ssim": [
        0.5983679890632629,
        0.7517343163490295,
        0.768713116645813,
        0.782058596611023,
        0.7879860401153564,
        0.7945050597190857,
        0.7988568544387817,
        0.8020406365394592,
        0.8053763508796692,
        0.8071581125259399,
        0.8080227971076965,
        0.8104307055473328,
        0.8118603229522705,
        0.8121613264083862,
        0.8132332563400269,
        0.8145250678062439,
        0.8150274753570557,
        0.8163349032402039,
        0.8165216445922852,
        0.817711353302002,
        0.818612813949585,
        0.8194802403450012,
        0.8180672526359558,
        0.819259524345398,
        0.8205254077911377,
        0.821252167224884,
        0.8210067749023438,
        0.8216142058372498,
        0.8222116231918335,
        0.82313072681427,
        0.8225370049476624,
        0.823465883731842,
        0.8233895897865295,
        0.8228636980056763,
        0.8249963521957397,
        0.8238469362258911,
        0.8270010352134705,
        0.8277803063392639,
        0.8279178738594055,
        0.8279749155044556,
        0.828300416469574,
        0.8284777402877808,
        0.8284661173820496,
        0.8287467956542969,
        0.8291370272636414,
        0.8291240334510803,
        0.8291427493095398,
        0.8293120265007019,
        0.8294274210929871,
        0.8296891450881958,
        0.8295930624008179,
        0.8300313353538513,
        0.8298229575157166,
        0.8301661610603333,
        0.8301605582237244,
        0.8303300142288208,
        0.830460786819458,
        0.8305239677429199,
        0.8308781385421753,
        0.8309409618377686,
        0.8311729431152344,
        0.8312278389930725,
        0.8312208652496338,
        0.8314570188522339,
        0.831451952457428,
        0.8317685127258301
    ],
    "val_loss": [
        0.07324658334255219,
        0.09997665137052536,
        0.04226935654878616,
        0.03533816710114479,
        0.04663956165313721,
        0.03541167825460434,
        0.037201687693595886,
        0.035493332892656326,
        0.03629428893327713,
        0.03408196568489075,
        0.03588798642158508,
        0.0585658885538578,
        0.03746624290943146,
        0.03708060458302498,
        0.03904826194047928,
        0.030538132414221764,
        0.03395522013306618,
        0.03812108561396599,
        0.03064315766096115,
        0.03806934878230095,
        0.03199831396341324,
        0.03348932042717934,
        0.036306094378232956,
        0.04247948154807091,
        0.03860975056886673,
        0.032808817923069,
        0.03373173996806145,
        0.035589370876550674,
        0.03594406321644783,
        0.03658128157258034,
        0.031122542917728424,
        0.03440038487315178,
        0.03656817972660065,
        0.03223457932472229,
        0.040573980659246445,
        0.036146391183137894,
        0.03638530895113945,
        0.032881155610084534,
        0.035727228969335556,
        0.03656436502933502,
        0.033143553882837296,
        0.0340656042098999,
        0.03471604734659195,
        0.03397846594452858,
        0.034066811203956604,
        0.03472944349050522,
        0.03659558668732643,
        0.033269595354795456,
        0.03833179175853729,
        0.033110108226537704,
        0.034936122596263885,
        0.03380582109093666,
        0.03516130894422531,
        0.033626992255449295,
        0.03330805152654648,
        0.037200093269348145,
        0.032472606748342514,
        0.035269469022750854,
        0.03516283258795738,
        0.03548173978924751,
        0.034129101783037186,
        0.03378913551568985,
        0.03382241353392601,
        0.03228362277150154,
        0.03489578515291214,
        0.033929359167814255
    ],