{
    "loss": 0.020697476342320442,
    "psnr": 31.22844123840332,
    "ssim": 0.9429388642311096
}
