{"loss": 0.031152993440628052, "psnr": 26.716066360473633, "ssim": 0.8260065317153931}