{"loss": 832087.875, "psnr": 22.660804748535156, "ssim": 0.7159416079521179}