{"loss": 0.09404343366622925, "psnr": 22.52139663696289, "ssim": 0.8955564498901367}