{
    "loss": [
        0.16960495710372925,
        0.14334708452224731,
        0.13550619781017303,
        0.1308266967535019,
        0.12727554142475128,
        0.12442167848348618,
        0.12233563512563705,
        0.1205453872680664,
        0.11936777085065842,
        0.1180998757481575,
        0.11700129508972168,
        0.1163463369011879,
        0.11534181982278824,
        0.11472383141517639,
        0.11470402777194977,
        0.11420764029026031,
        0.1136716678738594,
        0.11389139294624329,
        0.11356403678655624,
        0.11268675327301025,
        0.11198322474956512,
        0.11153057962656021,
        0.11246102303266525,
        0.1113448217511177,
        0.11060566455125809,
        0.11013417690992355,
        0.11007922142744064,
        0.10989277064800262,
        0.10952822118997574,
        0.1096155047416687,
        0.10946039855480194,
        0.10917653888463974,
        0.10886578261852264,
        0.10656476765871048,
        0.10642517358064651,
        0.10638132691383362,
        0.10637655109167099,
        0.10625949501991272,
        0.10615065693855286,
        0.10621054470539093,
        0.10604634135961533,
        0.10595139116048813,
        0.10603823512792587,
        0.10583425313234329,
        0.10588940232992172,
        0.10575222223997116,
        0.10574086755514145,
        0.10565506666898727,
        0.10564353317022324,
        0.10560646653175354,
        0.10557091981172562,
        0.10557004064321518,
        0.10549448430538177,
        0.10549527406692505,
        0.10551535338163376,
        0.10593591630458832,
        0.10585817694664001,
        0.1048879399895668,
        0.10483919829130173,
        0.10476944595575333,
        0.10477250814437866,
        0.10472223907709122,
        0.10471921414136887
    ],
    "psnr": [
        19.89263916015625,
        21.27351188659668,
        21.68410301208496,
        21.9477481842041,
        22.12419319152832,
        22.36405372619629,
        22.57518768310547,
        22.71813201904297,
        22.79597282409668,
        22.948144912719727,
        23.096986770629883,
        23.125154495239258,
        23.22746467590332,
        23.24259376525879,
        23.243789672851562,
        23.257789611816406,
        23.282516479492188,
        23.314077377319336,
        23.30725860595703,
        23.43292236328125,
        23.470422744750977,
        23.461627960205078,
        23.379024505615234,
        23.536664962768555,
        23.60574722290039,
        23.651931762695312,
        23.652502059936523,
        23.662748336791992,
        23.698774337768555,
        23.696996688842773,
        23.722314834594727,
        23.765464782714844,
        23.78810691833496,
        24.057941436767578,
        24.06732749938965,
        24.063234329223633,
        24.068458557128906,
        24.082164764404297,
        24.090909957885742,
        24.079397201538086,
        24.09977149963379,
        24.11140251159668,
        24.099130630493164,
        24.121421813964844,
        24.110977172851562,
        24.12888526916504,
        24.128833770751953,
        24.13800621032715,
        24.138734817504883,
        24.138633728027344,
        24.141796112060547,
        24.132675170898438,
        24.14461326599121,
        24.150226593017578,
        24.152753829956055,
        24.03318977355957,
        24.114179611206055,
        24.229833602905273,
        24.23615074157715,
        24.242319107055664,
        24.2415828704834,
        24.246261596679688,
        24.255496978759766
    ],
    "ssim": [
        0.5671702027320862,
        0.6326229572296143,
        0.6556157469749451,
        0.6696538925170898,
        0.6795321702957153,
        0.6847832798957825,
        0.6881268620491028,
        0.6916428804397583,
        0.6938719749450684,
        0.6946882605552673,
        0.6943889856338501,
        0.6953591704368591,
        0.6971597671508789,
        0.6983501315116882,
        0.6986827850341797,
        0.6994408369064331,
        0.7005243301391602,
        0.7001873254776001,
        0.7004114389419556,
        0.7024478316307068,
        0.7036844491958618,
        0.7046846747398376,
        0.7034557461738586,
        0.7051386833190918,
        0.7062945365905762,
        0.7070842385292053,
        0.7071627378463745,
        0.7076781988143921,
        0.7084897756576538,
        0.7081186771392822,
        0.7085540294647217,
        0.7093353867530823,
        0.7098853588104248,
        0.712977945804596,
        0.7131612300872803,
        0.7133244872093201,
        0.7133925557136536,
        0.7134743928909302,
        0.713720977306366,
        0.7135896682739258,
        0.7139248251914978,
        0.7141186594963074,
        0.7141126990318298,
        0.7143852710723877,
        0.714335560798645,
        0.7145040035247803,
        0.7145487070083618,
        0.7147881984710693,
        0.7147583961486816,
        0.7147973775863647,
        0.7149193286895752,
        0.7149783968925476,
        0.7150241136550903,
        0.7150589823722839,
        0.7150471806526184,
        0.7144157290458679,
        0.714514434337616,
        0.7162463068962097,
        0.7162765860557556,
        0.7163436412811279,
        0.7164191603660583,
        0.7164403796195984,
        0.7163757681846619
    ],
    "val_loss": [
        0.10515531152486801,
        0.12940362095832825,
        0.0969812348484993,
        0.09420229494571686,
        0.09894010424613953,
        0.08140339702367783,
        0.08600521087646484,
        0.0884455144405365,
        0.08864559233188629,
        0.08570927381515503,
        0.0810895711183548,
        0.08604870736598969,
        0.07849991321563721,
        0.08035685867071152,
        0.08009052276611328,
        0.08280110359191895,
        0.08028820157051086,
        0.10376032441854477,
        0.08375303447246552,
        0.09016033262014389,
        0.08674874156713486,
        0.08419863134622574,
        0.09342555701732635,
        0.08983524888753891,
        0.08361024409532547,
        0.08466073125600815,
        0.09719057381153107,
        0.0901637077331543,
        0.08483558893203735,
        0.0845065712928772,
        0.09400968253612518,
        0.08707793802022934,
        0.09005088359117508,
        0.0835038349032402,
        0.0823628157377243,
        0.08668486028909683,
        0.0847151130437851,
        0.08692111819982529,
        0.08671434968709946,
        0.09529358893632889,
        0.09236007928848267,
        0.0892358347773552,
        0.09035962074995041,
        0.08651246875524521,
        0.08732794970273972,
        0.09010452777147293,
        0.09034845978021622,
        0.09189896285533905,
        0.09273068606853485,
        0.09483282268047333,
        0.10528255254030228,
        0.08667992800474167,
        0.0908779501914978,
        0.09493575990200043,
        0.10215172171592712,
        0.09326361864805222,
        0.09248042851686478,
        0.09336142241954803,
        0.09738678485155106,
        0.09441579133272171,
        0.09653855860233307,
        0.10263682901859283,
        0.10253293067216873
    ],