{"loss": 0.07809053361415863, "psnr": 24.489904403686523, "ssim": 0.8315961360931396}