{"loss": 0.0576263926923275, "psnr": 25.077281951904297, "ssim": 0.9308664202690125}