{"loss": 0.004255232866853476, "psnr": 25.077974319458008, "ssim": 0.735956072807312}