{"loss": 0.11707615107297897, "psnr": 21.485994338989258, "ssim": 0.722689688205719}