{"loss": 0.1290767341852188, "psnr": 21.370481491088867, "ssim": 0.671111524105072}