{
    "loss": 0.027194036170840263,
    "psnr": 28.83475685119629,
    "ssim": 0.9126842021942139
}
