{"loss": 0.0386626161634922, "psnr": 28.462730407714844, "ssim": 0.9357214570045471}