{
    "loss": [
        0.19644467532634735,
        0.14699523150920868,
        0.15028372406959534,
        0.14227044582366943,
        0.12791666388511658,
        0.12178395688533783,
        0.11954554170370102,
        0.12005040049552917,
        0.16943028569221497,
        0.1808663010597229,
        0.1709776520729065,
        0.1750020682811737,
        0.17002224922180176,
        0.1661720871925354,
        0.1644715815782547,
        0.16182874143123627,
        0.16040177643299103,
        0.1578468531370163,
        0.1560303270816803,
        0.15435105562210083,
        0.15287774801254272,
        0.1519157886505127,
        0.15089528262615204,
        0.14987915754318237,
        0.14599445462226868,
        0.14554740488529205,
        0.14522802829742432,
        0.14497193694114685,
        0.14476022124290466,
        0.1445283591747284,
        0.1442972719669342,
        0.14406006038188934,
        0.1438555121421814,
        0.14364370703697205,
        0.14399076998233795,
        0.14407768845558167,
        0.14381566643714905,
        0.14380671083927155,
        0.14346303045749664,
        0.14407075941562653,
        0.1432873159646988,
        0.1429450511932373,
        0.14269250631332397,
        0.14243653416633606,
        0.14224278926849365,
        0.1420224905014038,
        0.1418774425983429,
        0.14171548187732697,
        0.14076273143291473,
        0.14069998264312744,
        0.14065060019493103,
        0.1405974179506302,
        0.1405514031648636,
        0.1405283659696579
    ],
    "psnr": [
        17.512365341186523,
        19.696378707885742,
        19.711233139038086,
        20.267955780029297,
        21.067855834960938,
        21.439659118652344,
        21.540470123291016,
        21.449073791503906,
        18.592866897583008,
        18.143922805786133,
        18.60268211364746,
        18.654556274414062,
        18.976465225219727,
        19.19023323059082,
        19.299747467041016,
        19.455480575561523,
        19.590734481811523,
        19.762033462524414,
        19.869457244873047,
        19.96747589111328,
        20.052762985229492,
        20.104848861694336,
        20.1613712310791,
        20.222806930541992,
        20.462541580200195,
        20.488988876342773,
        20.506916046142578,
        20.520580291748047,
        20.533510208129883,
        20.54545021057129,
        20.55885124206543,
        20.57196807861328,
        20.585329055786133,
        20.59677505493164,
        20.567733764648438,
        20.56621551513672,
        20.585407257080078,
        20.58041763305664,
        20.60451316833496,
        20.565454483032227,
        20.615459442138672,
        20.6381893157959,
        20.65380859375,
        20.66936492919922,
        20.679780960083008,
        20.693639755249023,
        20.703594207763672,
        20.712928771972656,
        20.765949249267578,
        20.770666122436523,
        20.774728775024414,
        20.775144577026367,
        20.778196334838867,
        20.78042221069336
    ],
    "ssim": [
        0.5294064283370972,
        0.6359280347824097,
        0.6264520883560181,
        0.6444368958473206,
        0.6792184114456177,
        0.6938533186912537,
        0.6994327902793884,
        0.6980148553848267,
        0.5861210227012634,
        0.5534002780914307,
        0.5771564245223999,
        0.5599899291992188,
        0.5686043500900269,
        0.5773993134498596,
        0.5813875794410706,
        0.5873221158981323,
        0.5892308354377747,
        0.5943669676780701,
        0.5983310341835022,
        0.6019404530525208,
        0.6050385236740112,
        0.6073266863822937,
        0.6096003651618958,
        0.6117397546768188,
        0.6192477941513062,
        0.620181679725647,
        0.6208942532539368,
        0.6214712262153625,
        0.6219750046730042,
        0.6225124597549438,
        0.6230512857437134,
        0.6236099600791931,
        0.6240724921226501,
        0.6245669722557068,
        0.6238479018211365,
        0.6235841512680054,
        0.6241046786308289,
        0.6242091655731201,
        0.6249654293060303,
        0.6236575245857239,
        0.6253960728645325,
        0.6261695027351379,
        0.6267669200897217,
        0.6273380517959595,
        0.6278125643730164,
        0.6283108592033386,
        0.6286206245422363,
        0.6290184855461121,
        0.6310998797416687,
        0.6312350630760193,
        0.6313033103942871,
        0.6314882040023804,
        0.631561815738678,
        0.6316174268722534
    ],
    "val_loss": [
        0.17300592362880707,
        0.13584773242473602,
        0.2944876253604889,
        0.12909440696239471,
        0.1341337412595749,
        38.80123519897461,
        0.16919313371181488,
        0.23129379749298096,
        0.24740523099899292,
        0.18389062583446503,
        0.1608782261610031,
        0.1720510870218277,
        0.1709328144788742,
        50.75592041015625,
        0.16049113869667053,
        0.15555593371391296,
        0.15486596524715424,
        0.15310829877853394,
        0.15519800782203674,
        0.15104426443576813,
        0.14902153611183167,
        0.14747416973114014,
        0.14839857816696167,
        0.14938612282276154,
        0.1630449891090393,
        0.1403440237045288,
        0.1493157595396042,
        0.2146744579076767,
        0.26298239827156067,
        0.1396426558494568,
        0.13925178349018097,
        0.13907161355018616,
        0.14237543940544128,
        0.32787224650382996,
        0.14016038179397583,
        0.13925309479236603,
        0.1390715092420578,
        0.1383279412984848,
        0.1410989910364151,
        2.3697731494903564,
        0.13818666338920593,
        0.13759589195251465,
        0.13751499354839325,
        0.13751836121082306,
        0.13702945411205292,
        0.13692517578601837,
        0.1367715299129486,
        0.1364918351173401,
        0.13603967428207397,
        0.13606248795986176,
        0.13596859574317932,
        0.13597042858600616,
        0.13609066605567932,
        0.13823635876178741
    ],
    "val_psnr": [
        17.220876693725586,
        20.44352149963379,
        11.90771198272705,
        21.373531341552734,
        21.82229995727539,
        21.936187744140625,
        17.025043487548828,
        15.626874923706055,
        14.069816589355469,
        17.84571647644043,
        19.275188446044922,
        18.895492553710938,
        19.400405883789062,
        19.25438117980957,
        19.563087463378906,
        19.810302734375,
        19.89496421813965,
        19.88444709777832,
        19.654682159423828,
        20.121429443359375,
        20.20346450805664,
        20.356338500976562,
        20.373876571655273,
        20.0259952545166,
        20.691919326782227,
        20.7668514251709,
        20.765979766845703,
        20.76222038269043,
        20.80716896057129,
        20.824993133544922,
        20.841510772705078,
        20.82337188720703,
        20.81689453125,
        20.849218368530273,
        20.783784866333008,
        20.818527221679688,
        20.86722183227539,
        20.861770629882812,
        20.60255241394043,
        20.898372650146484,
        20.94637680053711,
        20.969911575317383,
        21.001081466674805,
        21.01090431213379,
        21.01036262512207,
        21.007389068603516,
        21.02090835571289,
        21.03805923461914,
        21.041122436523438,
        21.050582885742188,
        21.051315307617188,
        21.044933319091797,
        21.05322265625,
        21.05521583557129
    ],