{
    "loss": [
        0.13399644196033478,
        0.09162980318069458,
        0.08008314669132233,
        0.07418006658554077,
        0.07207121700048447,
        0.07002390921115875,
        0.06839568167924881,
        0.0673253983259201,
        0.06657198071479797,
        0.06596545875072479,
        0.06554899364709854,
        0.06515660881996155,
        0.06482390314340591,
        0.06442110240459442,
        0.06413593143224716,
        0.06383814662694931,
        0.06360340118408203,
        0.06338613480329514,
        0.06318619847297668,
        0.06300307810306549,
        0.06282296031713486,
        0.06222838908433914,
        0.061202481389045715,
        0.060654737055301666,
        0.06015970557928085,
        0.059420209378004074,
        0.05883372947573662,
        0.05835176259279251,
        0.058000992983579636,
        0.057745564728975296,
        0.05751923844218254,
        0.057317860424518585,
        0.05714339762926102,
        0.056988682597875595,
        0.056856028735637665,
        0.05666034296154976,
        0.05655518174171448,
        0.056459929794073105,
        0.05634418874979019,
        0.05623476952314377,
        0.056120552122592926,
        0.05605873465538025,
        0.05591093748807907,
        0.055845897644758224,
        0.055810291320085526,
        0.055691152811050415,
        0.055616725236177444,
        0.05438617244362831,
        0.05434523522853851,
        0.05432601645588875,
        0.054287660866975784,
        0.054267674684524536,
        0.05425192415714264,
        0.054215315729379654,
        0.05419233441352844,
        0.05418910086154938,
        0.05416654422879219,
        0.05417425185441971,
        0.05414804816246033,
        0.0541246272623539,
        0.0541350394487381,
        0.05409661680459976,
        0.054102275520563126,
        0.05406428128480911,
        0.054051708430051804,
        0.05404026433825493,
        0.05403735488653183,
        0.05402678623795509,
        0.05399418994784355,
        0.05398429557681084,
        0.05398460850119591,
        0.05394025892019272,
        0.053932853043079376,
        0.053947996348142624,
        0.05392416939139366,
        0.053902432322502136,
        0.053528789430856705,
        0.053502295166254044,
        0.05347495153546333,
        0.05348341912031174,
        0.05348360165953636
    ],
    "psnr": [
        20.622690200805664,
        22.418249130249023,
        24.527175903320312,
        25.201129913330078,
        25.410255432128906,
        25.64175033569336,
        25.820165634155273,
        25.9439754486084,
        26.031890869140625,
        26.102294921875,
        26.14883041381836,
        26.191085815429688,
        26.22836685180664,
        26.269460678100586,
        26.29208755493164,
        26.325841903686523,
        26.350719451904297,
        26.378816604614258,
        26.397550582885742,
        26.42113494873047,
        26.446462631225586,
        26.703615188598633,
        27.12603187561035,
        27.244674682617188,
        27.299734115600586,
        27.353029251098633,
        27.42020034790039,
        27.473859786987305,
        27.512109756469727,
        27.552902221679688,
        27.580991744995117,
        27.609909057617188,
        27.632186889648438,
        27.64621925354004,
        27.661148071289062,
        27.690868377685547,
        27.70710563659668,
        27.71957015991211,
        27.736488342285156,
        27.749799728393555,
        27.764535903930664,
        27.76997947692871,
        27.794910430908203,
        27.803375244140625,
        27.80922508239746,
        27.823305130004883,
        27.833629608154297,
        28.09507179260254,
        28.101125717163086,
        28.103721618652344,
        28.108312606811523,
        28.111499786376953,
        28.113311767578125,
        28.117149353027344,
        28.119060516357422,
        28.121919631958008,
        28.12296485900879,
        28.121274948120117,
        28.126262664794922,
        28.127267837524414,
        28.127979278564453,
        28.134925842285156,
        28.133955001831055,
        28.136945724487305,
        28.140979766845703,
        28.143295288085938,
        28.14188575744629,
        28.14221954345703,
        28.148685455322266,
        28.148975372314453,
        28.148975372314453,
        28.1553897857666,
        28.1568546295166,
        28.155460357666016,
        28.157995223999023,
        28.159549713134766,
        28.240854263305664,
        28.248485565185547,
        28.252124786376953,
        28.25271987915039,
        28.251129150390625
    ],
    "ssim": [
        0.7093640565872192,
        0.81830233335495,
        0.8204317092895508,
        0.8326513767242432,
        0.83823561668396,
        0.8427594304084778,
        0.8469209671020508,
        0.849576473236084,
        0.85149747133255,
        0.8530320525169373,
        0.8541688323020935,
        0.855281412601471,
        0.8561626076698303,
        0.8571943640708923,
        0.8580748438835144,
        0.8587729930877686,
        0.8594328165054321,
        0.859929084777832,
        0.8604366183280945,
        0.8608736991882324,
        0.8611682653427124,
        0.8595518469810486,
        0.8572378754615784,
        0.8577246069908142,
        0.8588670492172241,
        0.8611484169960022,
        0.8626091480255127,
        0.8637792468070984,
        0.8646827340126038,
        0.8652034401893616,
        0.8657654523849487,
        0.8662012219429016,
        0.8666272163391113,
        0.867023766040802,
        0.8673685789108276,
        0.8678041696548462,
        0.8680177927017212,
        0.8682610392570496,
        0.86848384141922,
        0.8687640428543091,
        0.8690072894096375,
        0.8692059516906738,
        0.8694257736206055,
        0.8696170449256897,
        0.8696912527084351,
        0.8699842095375061,
        0.8701431155204773,
        0.8715519309043884,
        0.8716292977333069,
        0.8716464042663574,
        0.871760368347168,
        0.8717749714851379,
        0.8718071579933167,
        0.8719114065170288,
        0.8719727993011475,
        0.8719319701194763,
        0.8720064163208008,
        0.8719694018363953,
        0.8720248341560364,
        0.8721157908439636,
        0.87203049659729,
        0.8721266388893127,
        0.8721067309379578,
        0.8722111582756042,
        0.8722047805786133,
        0.8722484111785889,
        0.8722438812255859,
        0.8722966909408569,
        0.8723476529121399,
        0.8723870515823364,
        0.8723654747009277,
        0.8724765777587891,
        0.8724929690361023,
        0.8724378347396851,
        0.8724995255470276,
        0.872554361820221,
        0.8730248212814331,
        0.873018741607666,
        0.873071551322937,
        0.8730384111404419,
        0.8730454444885254
    ],