{
    "loss": [
        0.013429765589535236,
        0.008761965669691563,
        0.007863308303058147,
        0.0070718019269406796,
        0.006602111738175154,
        0.006289997138082981,
        0.006039590109139681,
        0.005870989058166742,
        0.0057528577744960785,
        0.005639931652694941,
        0.005534508265554905,
        0.00544676324352622,
        0.005389649420976639,
        0.005310756620019674,
        0.005274232476949692,
        0.005224254447966814,
        0.005173129495233297,
        0.005139444023370743,
        0.005107398144900799,
        0.005075313616544008,
        0.0050474004819989204,
        0.005012207198888063,
        0.004991916939616203,
        0.004964079707860947,
        0.004931542091071606,
        0.004889451898634434,
        0.004867606330662966,
        0.00483229523524642,
        0.004654851742088795,
        0.004640928469598293,
        0.0046328469179570675,
        0.004625832196325064,
        0.0046193525195121765,
        0.004614090546965599,
        0.004608453251421452,
        0.004603429231792688,
        0.004598183091729879,
        0.00459262216463685,
        0.004588834475725889,
        0.0045842742547392845,
        0.004579146858304739,
        0.004575536120682955,
        0.004569962155073881,
        0.004566094372421503,
        0.004561434965580702,
        0.00455788429826498,
        0.004554047714918852,
        0.004549279808998108,
        0.004546272102743387,
        0.004542231094092131,
        0.0045377342030406,
        0.004533637315034866,
        0.004505327437072992,
        0.004503677599132061,
        0.0045021651312708855,
        0.004501003306359053,
        0.004500514827668667,
        0.004499040078371763,
        0.004498573485761881,
        0.004497770685702562,
        0.0044967797584831715,
        0.004495492670685053,
        0.004494211636483669,
        0.0044935159385204315,
        0.0044925096444785595,
        0.004491448402404785,
        0.004490988329052925,
        0.00449018832296133,
        0.004488769918680191,
        0.0044874269515275955,
        0.004486947786062956,
        0.004485730081796646
    ],
    "psnr": [
        19.85798454284668,
        21.330421447753906,
        21.77450942993164,
        22.213359832763672,
        22.509658813476562,
        22.727975845336914,
        22.930368423461914,
        23.061044692993164,
        23.153459548950195,
        23.258892059326172,
        23.351360321044922,
        23.428977966308594,
        23.47665023803711,
        23.546743392944336,
        23.57835578918457,
        23.62530517578125,
        23.67368507385254,
        23.703693389892578,
        23.733097076416016,
        23.763031005859375,
        23.787511825561523,
        23.820775985717773,
        23.83943748474121,
        23.86553382873535,
        23.897119522094727,
        23.940446853637695,
        23.962488174438477,
        23.998165130615234,
        24.203445434570312,
        24.2186336517334,
        24.227127075195312,
        24.23457145690918,
        24.241621017456055,
        24.247373580932617,
        24.253280639648438,
        24.258981704711914,
        24.264297485351562,
        24.27044105529785,
        24.27419662475586,
        24.279544830322266,
        24.28452491760254,
        24.288816452026367,
        24.294755935668945,
        24.299100875854492,
        24.303951263427734,
        24.307540893554688,
        24.312158584594727,
        24.31712532043457,
        24.320186614990234,
        24.324386596679688,
        24.329139709472656,
        24.33342170715332,
        24.3687686920166,
        24.37070083618164,
        24.37225914001465,
        24.3740291595459,
        24.373973846435547,
        24.375782012939453,
        24.376365661621094,
        24.377216339111328,
        24.378881454467773,
        24.38022804260254,
        24.38152503967285,
        24.381797790527344,
        24.38332176208496,
        24.38455581665039,
        24.38506317138672,
        24.386659622192383,
        24.387863159179688,
        24.38936424255371,
        24.389738082885742,
        24.391225814819336
    ],
    "ssim": [
        0.406476229429245,
        0.4874822199344635,
        0.5075385570526123,
        0.5208932757377625,
        0.5323531627655029,
        0.5422332286834717,
        0.5507038831710815,
        0.55671226978302,
        0.5611130595207214,
        0.5659992098808289,
        0.5706040263175964,
        0.5745933651924133,
        0.5770159363746643,
        0.579267144203186,
        0.580920398235321,
        0.5825750231742859,
        0.5843877196311951,
        0.5859131813049316,
        0.5871319770812988,
        0.5885185599327087,
        0.5896297693252563,
        0.5908306241035461,
        0.5915912985801697,
        0.5924071669578552,
        0.5933935046195984,
        0.594656229019165,
        0.5956552624702454,
        0.5970847606658936,
        0.600636899471283,
        0.601249098777771,
        0.6017446517944336,
        0.6020476222038269,
        0.6024365425109863,
        0.6027504801750183,
        0.6030189394950867,
        0.6032825708389282,
        0.6035673022270203,
        0.6038278937339783,
        0.604060709476471,
        0.6043105125427246,
        0.6045137047767639,
        0.6047701239585876,
        0.6050000786781311,
        0.6052318215370178,
        0.6054626703262329,
        0.6056815385818481,
        0.605906069278717,
        0.6060962677001953,
        0.6063031554222107,
        0.6065096855163574,
        0.6067253947257996,
        0.6069622039794922,
        0.6076124906539917,
        0.6075694561004639,
        0.6076332330703735,
        0.6077309250831604,
        0.6077473759651184,
        0.607830286026001,
        0.6078470945358276,
        0.6078589558601379,
        0.6079562306404114,
        0.607978880405426,
        0.6080302000045776,
        0.6080946326255798,
        0.6081094145774841,
        0.6081647276878357,
        0.6082218289375305,
        0.608232319355011,
        0.608288586139679,
        0.6083388924598694,
        0.6083567142486572,
        0.6084151268005371
    ],