{"loss": 0.0034247259609401226, "psnr": 26.055444717407227, "ssim": 0.7807198762893677}