{
    "loss": [
        0.15688589215278625,
        0.10298246890306473,
        0.09648564457893372,
        0.09293640404939651,
        0.09033900499343872,
        0.08786723762750626,
        0.08254896849393845,
        0.07493501156568527,
        0.07246096432209015,
        0.07110290974378586,
        0.07025107741355896,
        0.0696040466427803,
        0.0690734013915062,
        0.06872039288282394,
        0.06843157857656479,
        0.06807386875152588,
        0.06781859695911407,
        0.06737042963504791,
        0.0664660632610321,
        0.0659707710146904,
        0.06552520394325256,
        0.06533872336149216,
        0.06504339724779129,
        0.06486210972070694,
        0.06462878733873367,
        0.06431221961975098,
        0.06409556418657303,
        0.06393697112798691,
        0.06368701905012131,
        0.06352978199720383,
        0.06337404251098633,
        0.06320087611675262,
        0.06311886012554169,
        0.06298365443944931,
        0.0628422424197197,
        0.06274916976690292,
        0.0626463070511818,
        0.06253787130117416,
        0.06251919269561768,
        0.062404412776231766,
        0.06231236457824707,
        0.06225578114390373,
        0.06223956122994423,
        0.06215079128742218,
        0.062050484120845795,
        0.06201498210430145,
        0.06194138154387474,
        0.061822205781936646,
        0.06179026514291763,
        0.0617365837097168,
        0.05990371108055115,
        0.059791870415210724,
        0.05974937602877617,
        0.05972632020711899,
        0.059703242033720016,
        0.059703025966882706,
        0.05967423692345619,
        0.05966244265437126,
        0.059638433158397675,
        0.059624917805194855,
        0.0595945306122303,
        0.059601008892059326,
        0.059572186321020126,
        0.059554267674684525,
        0.059570636600255966,
        0.05952227860689163,
        0.059528499841690063,
        0.05951961874961853,
        0.05948347598314285,
        0.05947253853082657,
        0.05946749076247215,
        0.05944019928574562,
        0.05945974588394165,
        0.05943934619426727,
        0.059414420276880264,
        0.05938544124364853,
        0.059384871274232864,
        0.05936761572957039,
        0.05934106558561325,
        0.05902909114956856
    ],
    "psnr": [
        19.903553009033203,
        21.87910270690918,
        22.148334503173828,
        22.368732452392578,
        22.498092651367188,
        22.67546844482422,
        23.923885345458984,
        25.251489639282227,
        25.477615356445312,
        25.597047805786133,
        25.672147750854492,
        25.735647201538086,
        25.786909103393555,
        25.81988525390625,
        25.848405838012695,
        25.889562606811523,
        25.91411018371582,
        26.020675659179688,
        26.402875900268555,
        26.529224395751953,
        26.605260848999023,
        26.641429901123047,
        26.68762969970703,
        26.719093322753906,
        26.756145477294922,
        26.809194564819336,
        26.846519470214844,
        26.87020492553711,
        26.907209396362305,
        26.93157958984375,
        26.95111656188965,
        26.97657585144043,
        26.98426055908203,
        27.004379272460938,
        27.027816772460938,
        27.0391902923584,
        27.051359176635742,
        27.067237854003906,
        27.072980880737305,
        27.088125228881836,
        27.100725173950195,
        27.106218338012695,
        27.108745574951172,
        27.121170043945312,
        27.13337516784668,
        27.1397705078125,
        27.147199630737305,
        27.163585662841797,
        27.168989181518555,
        27.17746925354004,
        27.500484466552734,
        27.514501571655273,
        27.519437789916992,
        27.522119522094727,
        27.524967193603516,
        27.525039672851562,
        27.52577018737793,
        27.528284072875977,
        27.531719207763672,
        27.532739639282227,
        27.534709930419922,
        27.536453247070312,
        27.537689208984375,
        27.538774490356445,
        27.540510177612305,
        27.544532775878906,
        27.543285369873047,
        27.545360565185547,
        27.550167083740234,
        27.551910400390625,
        27.55317497253418,
        27.555030822753906,
        27.553014755249023,
        27.556432723999023,
        27.558330535888672,
        27.562580108642578,
        27.5618953704834,
        27.564624786376953,
        27.56946563720703,
        27.62939453125
    ],
    "ssim": [
        0.6373737454414368,
        0.7834330201148987,
        0.8031625151634216,
        0.8135154843330383,
        0.8215271234512329,
        0.8277871608734131,
        0.8231202960014343,
        0.8284204006195068,
        0.8348979949951172,
        0.8386440873146057,
        0.8410953879356384,
        0.8427990674972534,
        0.84417325258255,
        0.8451738953590393,
        0.8459346890449524,
        0.8467941284179688,
        0.847459077835083,
        0.8474817276000977,
        0.8451157808303833,
        0.8451608419418335,
        0.8457843661308289,
        0.8459481000900269,
        0.8464317321777344,
        0.846703290939331,
        0.8471050262451172,
        0.847654402256012,
        0.8479732871055603,
        0.8483409285545349,
        0.8488590717315674,
        0.8491504788398743,
        0.8494989275932312,
        0.8498648405075073,
        0.8500809669494629,
        0.850374698638916,
        0.8506145477294922,
        0.8508651852607727,
        0.8510971069335938,
        0.8513392210006714,
        0.8513604402542114,
        0.8516181111335754,
        0.8518237471580505,
        0.8519810438156128,
        0.8520383834838867,
        0.8522565364837646,
        0.852485716342926,
        0.852554202079773,
        0.8527602553367615,
        0.8530370593070984,
        0.853079617023468,
        0.8532066345214844,
        0.8558350205421448,
        0.8560701608657837,
        0.85618656873703,
        0.8562511205673218,
        0.8562974333763123,
        0.856302797794342,
        0.8564091324806213,
        0.8564269542694092,
        0.8564740419387817,
        0.8565003275871277,
        0.8565959334373474,
        0.8565574884414673,
        0.856652021408081,
        0.8567171692848206,
        0.8566320538520813,
        0.8567628264427185,
        0.8567407727241516,
        0.8567571640014648,
        0.8568541407585144,
        0.8568671941757202,
        0.85686856508255,
        0.8569580316543579,
        0.8568920493125916,
        0.856954038143158,
        0.857013463973999,
        0.8570867776870728,
        0.8570923209190369,
        0.8571203351020813,
        0.8571727871894836,
        0.8575393557548523
    ],