{"loss": 0.025605862960219383, "psnr": 30.71013832092285, "ssim": 0.9663786888122559}